{
	"credit": "Made with Blockbench",
	"textures": {
		"2": "item/ak",
		"particle": "item/ak"
	},
	"elements": [
		{
			"from": [8, 4.3, 12.2],
			"to": [8.9, 4.5, 18.4],
			"rotation": {"angle": 22.5, "axis": "x", "origin": [8.5, 4.85, 15.4]},
			"faces": {
				"north": {"uv": [8.5, 1, 14.5, 6.5], "texture": "#2"},
				"east": {"uv": [8.5, 1, 14.5, 6.5], "texture": "#2"},
				"south": {"uv": [8.5, 1, 14.5, 6.5], "texture": "#2"},
				"west": {"uv": [8.5, 1, 14.5, 6.5], "texture": "#2"},
				"up": {"uv": [8.5, 1, 14.5, 6.5], "texture": "#2"},
				"down": {"uv": [8.5, 1, 14.5, 6.5], "texture": "#2"}
			}
		},
		{
			"from": [8, 6.02789, 15.4625],
			"to": [8.9, 6.32789, 18.0625],
			"rotation": {"angle": 0, "axis": "x", "origin": [8.5, 6.22789, 15.8625]},
			"faces": {
				"north": {"uv": [8.5, 1, 14.5, 6.5], "texture": "#2"},
				"east": {"uv": [8.5, 1, 14.5, 6.5], "texture": "#2"},
				"south": {"uv": [8.5, 1, 14.5, 6.5], "texture": "#2"},
				"west": {"uv": [8.5, 1, 14.5, 6.5], "texture": "#2"},
				"up": {"uv": [8.5, 1, 14.5, 6.5], "texture": "#2"},
				"down": {"uv": [8.5, 1, 14.5, 6.5], "texture": "#2"}
			}
		},
		{
			"from": [8, 5.42789, 14.1625],
			"to": [8.9, 6.42789, 16.7625],
			"rotation": {"angle": 0, "axis": "x", "origin": [8.5, 6.22789, 15.8625]},
			"faces": {
				"north": {"uv": [8.5, 1, 14.5, 6.5], "texture": "#2"},
				"east": {"uv": [8.5, 1, 14.5, 6.5], "texture": "#2"},
				"south": {"uv": [8.5, 1, 14.5, 6.5], "texture": "#2"},
				"west": {"uv": [8.5, 1, 14.5, 6.5], "texture": "#2"},
				"up": {"uv": [8.5, 1, 14.5, 6.5], "texture": "#2"},
				"down": {"uv": [8.5, 1, 14.5, 6.5], "texture": "#2"}
			}
		},
		{
			"from": [8, 6.22789, 14.6625],
			"to": [8.9, 6.52789, 16.0625],
			"rotation": {"angle": 0, "axis": "x", "origin": [8.5, 6.22789, 15.8625]},
			"faces": {
				"north": {"uv": [8.5, 1, 14.5, 6.5], "texture": "#2"},
				"east": {"uv": [8.5, 1, 14.5, 6.5], "texture": "#2"},
				"south": {"uv": [8.5, 1, 14.5, 6.5], "texture": "#2"},
				"west": {"uv": [8.5, 1, 14.5, 6.5], "texture": "#2"},
				"up": {"uv": [8.5, 1, 14.5, 6.5], "texture": "#2"},
				"down": {"uv": [8.5, 1, 14.5, 6.5], "texture": "#2"}
			}
		},
		{
			"from": [8, 6.02789, 12.7625],
			"to": [8.9, 6.42789, 14.1625],
			"rotation": {"angle": 0, "axis": "x", "origin": [8.5, 6.22789, 15.8625]},
			"faces": {
				"north": {"uv": [8.5, 1, 14.5, 6.5], "texture": "#2"},
				"east": {"uv": [8.5, 1, 14.5, 6.5], "texture": "#2"},
				"south": {"uv": [8.5, 1, 14.5, 6.5], "texture": "#2"},
				"west": {"uv": [8.5, 1, 14.5, 6.5], "texture": "#2"},
				"up": {"uv": [8.5, 1, 14.5, 6.5], "texture": "#2"},
				"down": {"uv": [8.5, 1, 14.5, 6.5], "texture": "#2"}
			}
		},
		{
			"from": [8, 6.12789, 12.6625],
			"to": [8.9, 6.52789, 14.0625],
			"rotation": {"angle": 0, "axis": "x", "origin": [8.5, 6.22789, 15.8625]},
			"faces": {
				"north": {"uv": [8.5, 1, 14.5, 6.5], "texture": "#2"},
				"east": {"uv": [8.5, 1, 14.5, 6.5], "texture": "#2"},
				"south": {"uv": [8.5, 1, 14.5, 6.5], "texture": "#2"},
				"west": {"uv": [8.5, 1, 14.5, 6.5], "texture": "#2"},
				"up": {"uv": [8.5, 1, 14.5, 6.5], "texture": "#2"},
				"down": {"uv": [8.5, 1, 14.5, 6.5], "texture": "#2"}
			}
		},
		{
			"from": [8, 5.72789, 12.3625],
			"to": [8.9, 6.62789, 13.6625],
			"rotation": {"angle": 0, "axis": "x", "origin": [8.5, 6.22789, 15.8625]},
			"faces": {
				"north": {"uv": [8.5, 1, 14.5, 6.5], "texture": "#2"},
				"east": {"uv": [8.5, 1, 14.5, 6.5], "texture": "#2"},
				"south": {"uv": [8.5, 1, 14.5, 6.5], "texture": "#2"},
				"west": {"uv": [8.5, 1, 14.5, 6.5], "texture": "#2"},
				"up": {"uv": [8.5, 1, 14.5, 6.5], "texture": "#2"},
				"down": {"uv": [8.5, 1, 14.5, 6.5], "texture": "#2"}
			}
		},
		{
			"from": [8, 6.52789, 12.3625],
			"to": [8.9, 6.72789, 13.1625],
			"rotation": {"angle": 0, "axis": "x", "origin": [8.5, 6.22789, 15.8625]},
			"faces": {
				"north": {"uv": [8.5, 1, 14.5, 6.5], "texture": "#2"},
				"east": {"uv": [8.5, 1, 14.5, 6.5], "texture": "#2"},
				"south": {"uv": [8.5, 1, 14.5, 6.5], "texture": "#2"},
				"west": {"uv": [8.5, 1, 14.5, 6.5], "texture": "#2"},
				"up": {"uv": [8.5, 1, 14.5, 6.5], "texture": "#2"},
				"down": {"uv": [8.5, 1, 14.5, 6.5], "texture": "#2"}
			}
		},
		{
			"from": [8, 3.22405, 11.90642],
			"to": [8.9, 4.42405, 18.10642],
			"rotation": {"angle": 22.5, "axis": "x", "origin": [8.5, 3.62405, 18.00642]},
			"faces": {
				"north": {"uv": [8.5, 1, 14.5, 6.5], "rotation": 270, "texture": "#2"},
				"east": {"uv": [8.5, 1, 14.5, 6.5], "rotation": 270, "texture": "#2"},
				"south": {"uv": [8.5, 1, 14.5, 6.5], "rotation": 270, "texture": "#2"},
				"west": {"uv": [8.5, 1, 14.5, 6.5], "rotation": 270, "texture": "#2"},
				"up": {"uv": [8.5, 1, 14.5, 6.5], "rotation": 270, "texture": "#2"},
				"down": {"uv": [8.5, 1, 14.5, 6.5], "rotation": 270, "texture": "#2"}
			}
		},
		{
			"from": [8, 4.31748, 15.44217],
			"to": [8.9, 6.11748, 18.44217],
			"rotation": {"angle": 0, "axis": "x", "origin": [8.5, 4.91748, 18.54217]},
			"faces": {
				"north": {"uv": [8.5, 1, 14.5, 6.5], "rotation": 270, "texture": "#2"},
				"east": {"uv": [8.5, 1, 14.5, 6.5], "rotation": 270, "texture": "#2"},
				"south": {"uv": [8.5, 1, 14.5, 6.5], "rotation": 270, "texture": "#2"},
				"west": {"uv": [8.5, 1, 14.5, 6.5], "rotation": 270, "texture": "#2"},
				"up": {"uv": [8.5, 1, 14.5, 6.5], "rotation": 270, "texture": "#2"},
				"down": {"uv": [8.5, 1, 14.5, 6.5], "rotation": 270, "texture": "#2"}
			}
		},
		{
			"from": [8, 5.3, 10.2],
			"to": [8.9, 5.5, 12.1],
			"rotation": {"angle": 0, "axis": "y", "origin": [8, 0, 0]},
			"faces": {
				"north": {"uv": [8.5, 1, 14.5, 6.5], "texture": "#2"},
				"east": {"uv": [8.5, 1, 14.5, 6.5], "texture": "#2"},
				"south": {"uv": [8.5, 1, 14.5, 6.5], "texture": "#2"},
				"west": {"uv": [8.5, 1, 14.5, 6.5], "texture": "#2"},
				"up": {"uv": [8.5, 1, 14.5, 6.5], "texture": "#2"},
				"down": {"uv": [8.5, 1, 14.5, 6.5], "texture": "#2"}
			}
		},
		{
			"from": [8, 5.2, 10.2],
			"to": [8.9, 5.3, 11.9],
			"rotation": {"angle": 0, "axis": "y", "origin": [8, 0, 0]},
			"faces": {
				"north": {"uv": [8.5, 1, 14.5, 6.5], "texture": "#2"},
				"east": {"uv": [8.5, 1, 14.5, 6.5], "texture": "#2"},
				"south": {"uv": [8.5, 1, 14.5, 6.5], "texture": "#2"},
				"west": {"uv": [8.5, 1, 14.5, 6.5], "texture": "#2"},
				"up": {"uv": [8.5, 1, 14.5, 6.5], "texture": "#2"},
				"down": {"uv": [8.5, 1, 14.5, 6.5], "texture": "#2"}
			}
		},
		{
			"from": [8, 5.1, 10.2],
			"to": [8.9, 5.2, 11.9],
			"rotation": {"angle": 0, "axis": "y", "origin": [8, 0, 0]},
			"faces": {
				"north": {"uv": [8.5, 1, 14.5, 6.5], "texture": "#2"},
				"east": {"uv": [8.5, 1, 14.5, 6.5], "texture": "#2"},
				"south": {"uv": [8.5, 1, 14.5, 6.5], "texture": "#2"},
				"west": {"uv": [8.5, 1, 14.5, 6.5], "texture": "#2"},
				"up": {"uv": [8.5, 1, 14.5, 6.5], "texture": "#2"},
				"down": {"uv": [8.5, 1, 14.5, 6.5], "texture": "#2"}
			}
		},
		{
			"from": [8, 5, 10.3],
			"to": [8.9, 5.1, 11.9],
			"rotation": {"angle": 0, "axis": "y", "origin": [8, 0, 0]},
			"faces": {
				"north": {"uv": [8.5, 1, 14.5, 6.5], "texture": "#2"},
				"east": {"uv": [8.5, 1, 14.5, 6.5], "texture": "#2"},
				"south": {"uv": [8.5, 1, 14.5, 6.5], "texture": "#2"},
				"west": {"uv": [8.5, 1, 14.5, 6.5], "texture": "#2"},
				"up": {"uv": [8.5, 1, 14.5, 6.5], "texture": "#2"},
				"down": {"uv": [8.5, 1, 14.5, 6.5], "texture": "#2"}
			}
		},
		{
			"from": [8, 4.9, 10.5],
			"to": [8.9, 5, 11.8],
			"rotation": {"angle": 0, "axis": "y", "origin": [8, 0, 0]},
			"faces": {
				"north": {"uv": [8.5, 1, 14.5, 6.5], "texture": "#2"},
				"east": {"uv": [8.5, 1, 14.5, 6.5], "texture": "#2"},
				"south": {"uv": [8.5, 1, 14.5, 6.5], "texture": "#2"},
				"west": {"uv": [8.5, 1, 14.5, 6.5], "texture": "#2"},
				"up": {"uv": [8.5, 1, 14.5, 6.5], "texture": "#2"},
				"down": {"uv": [8.5, 1, 14.5, 6.5], "texture": "#2"}
			}
		},
		{
			"from": [8, 3.3, 11.2],
			"to": [8.9, 3.4, 12.4],
			"rotation": {"angle": 0, "axis": "y", "origin": [8, 0, 0]},
			"faces": {
				"north": {"uv": [8.5, 1, 14.5, 6.5], "texture": "#2"},
				"east": {"uv": [8.5, 1, 14.5, 6.5], "texture": "#2"},
				"south": {"uv": [8.5, 1, 14.5, 6.5], "texture": "#2"},
				"west": {"uv": [8.5, 1, 14.5, 6.5], "texture": "#2"},
				"up": {"uv": [8.5, 1, 14.5, 6.5], "texture": "#2"},
				"down": {"uv": [8.5, 1, 14.5, 6.5], "texture": "#2"}
			}
		},
		{
			"from": [8, 3.2, 11.2],
			"to": [8.9, 3.3, 12.3],
			"rotation": {"angle": 0, "axis": "y", "origin": [8, 0, 0]},
			"faces": {
				"north": {"uv": [8.5, 1, 14.5, 6.5], "texture": "#2"},
				"east": {"uv": [8.5, 1, 14.5, 6.5], "texture": "#2"},
				"south": {"uv": [8.5, 1, 14.5, 6.5], "texture": "#2"},
				"west": {"uv": [8.5, 1, 14.5, 6.5], "texture": "#2"},
				"up": {"uv": [8.5, 1, 14.5, 6.5], "texture": "#2"},
				"down": {"uv": [8.5, 1, 14.5, 6.5], "texture": "#2"}
			}
		},
		{
			"from": [8, 3.1, 11.2],
			"to": [8.9, 3.2, 12.2],
			"rotation": {"angle": 0, "axis": "y", "origin": [8, 0, 0]},
			"faces": {
				"north": {"uv": [8.5, 1, 14.5, 6.5], "texture": "#2"},
				"east": {"uv": [8.5, 1, 14.5, 6.5], "texture": "#2"},
				"south": {"uv": [8.5, 1, 14.5, 6.5], "texture": "#2"},
				"west": {"uv": [8.5, 1, 14.5, 6.5], "texture": "#2"},
				"up": {"uv": [8.5, 1, 14.5, 6.5], "texture": "#2"},
				"down": {"uv": [8.5, 1, 14.5, 6.5], "texture": "#2"}
			}
		},
		{
			"from": [8, 3, 11.2],
			"to": [8.9, 3.1, 12.1],
			"rotation": {"angle": 0, "axis": "y", "origin": [8, 0, 0]},
			"faces": {
				"north": {"uv": [8.5, 1, 14.5, 6.5], "texture": "#2"},
				"east": {"uv": [8.5, 1, 14.5, 6.5], "texture": "#2"},
				"south": {"uv": [8.5, 1, 14.5, 6.5], "texture": "#2"},
				"west": {"uv": [8.5, 1, 14.5, 6.5], "texture": "#2"},
				"up": {"uv": [8.5, 1, 14.5, 6.5], "texture": "#2"},
				"down": {"uv": [8.5, 1, 14.5, 6.5], "texture": "#2"}
			}
		},
		{
			"from": [8, 2.9, 11.2],
			"to": [8.9, 3, 12],
			"rotation": {"angle": 0, "axis": "y", "origin": [8, 0, 0]},
			"faces": {
				"north": {"uv": [8.5, 1, 14.5, 6.5], "texture": "#2"},
				"east": {"uv": [8.5, 1, 14.5, 6.5], "texture": "#2"},
				"south": {"uv": [8.5, 1, 14.5, 6.5], "texture": "#2"},
				"west": {"uv": [8.5, 1, 14.5, 6.5], "texture": "#2"},
				"up": {"uv": [8.5, 1, 14.5, 6.5], "texture": "#2"},
				"down": {"uv": [8.5, 1, 14.5, 6.5], "texture": "#2"}
			}
		},
		{
			"from": [8, 2.8, 11.2],
			"to": [8.9, 2.9, 11.8],
			"rotation": {"angle": 0, "axis": "y", "origin": [8, 0, 0]},
			"faces": {
				"north": {"uv": [8.5, 1, 14.5, 6.5], "texture": "#2"},
				"east": {"uv": [8.5, 1, 14.5, 6.5], "texture": "#2"},
				"south": {"uv": [8.5, 1, 14.5, 6.5], "texture": "#2"},
				"west": {"uv": [8.5, 1, 14.5, 6.5], "texture": "#2"},
				"up": {"uv": [8.5, 1, 14.5, 6.5], "texture": "#2"},
				"down": {"uv": [8.5, 1, 14.5, 6.5], "texture": "#2"}
			}
		},
		{
			"from": [8, 4.8, 10.6],
			"to": [8.9, 4.9, 11.8],
			"rotation": {"angle": 0, "axis": "y", "origin": [8, 0, 0]},
			"faces": {
				"north": {"uv": [8.5, 1, 14.5, 6.5], "texture": "#2"},
				"east": {"uv": [8.5, 1, 14.5, 6.5], "texture": "#2"},
				"south": {"uv": [8.5, 1, 14.5, 6.5], "texture": "#2"},
				"west": {"uv": [8.5, 1, 14.5, 6.5], "texture": "#2"},
				"up": {"uv": [8.5, 1, 14.5, 6.5], "texture": "#2"},
				"down": {"uv": [8.5, 1, 14.5, 6.5], "texture": "#2"}
			}
		},
		{
			"from": [8, 4.7, 10.7],
			"to": [8.9, 4.8, 11.9],
			"rotation": {"angle": 0, "axis": "y", "origin": [8, 0, 0]},
			"faces": {
				"north": {"uv": [8.5, 1, 14.5, 6.5], "texture": "#2"},
				"east": {"uv": [8.5, 1, 14.5, 6.5], "texture": "#2"},
				"south": {"uv": [8.5, 1, 14.5, 6.5], "texture": "#2"},
				"west": {"uv": [8.5, 1, 14.5, 6.5], "texture": "#2"},
				"up": {"uv": [8.5, 1, 14.5, 6.5], "texture": "#2"},
				"down": {"uv": [8.5, 1, 14.5, 6.5], "texture": "#2"}
			}
		},
		{
			"from": [8, 3.05, 10.75],
			"to": [8.9, 5.15, 11.85],
			"rotation": {"angle": -22.5, "axis": "x", "origin": [8.5, 4.65, 11.3]},
			"faces": {
				"north": {"uv": [8.5, 1, 14.5, 6.5], "rotation": 270, "texture": "#2"},
				"east": {"uv": [8.5, 1, 14.5, 6.5], "rotation": 270, "texture": "#2"},
				"south": {"uv": [8.5, 1, 14.5, 6.5], "rotation": 270, "texture": "#2"},
				"west": {"uv": [8.5, 1, 14.5, 6.5], "rotation": 270, "texture": "#2"},
				"up": {"uv": [8.5, 1, 14.5, 6.5], "rotation": 270, "texture": "#2"},
				"down": {"uv": [8.5, 1, 14.5, 6.5], "rotation": 270, "texture": "#2"}
			}
		},
		{
			"from": [8, 5.7, 4.6],
			"to": [8.9, 7.2, 5],
			"rotation": {"angle": 0, "axis": "y", "origin": [8, 0, 0]},
			"faces": {
				"north": {"uv": [8.5, 1, 14.5, 6.5], "texture": "#2"},
				"east": {"uv": [8.5, 1, 14.5, 6.5], "texture": "#2"},
				"south": {"uv": [8.5, 1, 14.5, 6.5], "texture": "#2"},
				"west": {"uv": [8.5, 1, 14.5, 6.5], "texture": "#2"},
				"up": {"uv": [8.5, 1, 14.5, 6.5], "texture": "#2"},
				"down": {"uv": [8.5, 1, 14.5, 6.5], "texture": "#2"}
			}
		},
		{
			"from": [8, 5.8, 4.4],
			"to": [8.9, 7.2, 4.6],
			"rotation": {"angle": 0, "axis": "y", "origin": [8, 0, 0]},
			"faces": {
				"north": {"uv": [8.5, 1, 14.5, 6.5], "texture": "#2"},
				"east": {"uv": [8.5, 1, 14.5, 6.5], "texture": "#2"},
				"south": {"uv": [8.5, 1, 14.5, 6.5], "texture": "#2"},
				"west": {"uv": [8.5, 1, 14.5, 6.5], "texture": "#2"},
				"up": {"uv": [8.5, 1, 14.5, 6.5], "texture": "#2"},
				"down": {"uv": [8.5, 1, 14.5, 6.5], "texture": "#2"}
			}
		},
		{
			"from": [8, 5.9, 4.3],
			"to": [8.9, 7.2, 4.4],
			"rotation": {"angle": 0, "axis": "y", "origin": [8, 0, 0]},
			"faces": {
				"north": {"uv": [8.5, 1, 14.5, 6.5], "texture": "#2"},
				"east": {"uv": [8.5, 1, 14.5, 6.5], "texture": "#2"},
				"south": {"uv": [8.5, 1, 14.5, 6.5], "texture": "#2"},
				"west": {"uv": [8.5, 1, 14.5, 6.5], "texture": "#2"},
				"up": {"uv": [8.5, 1, 14.5, 6.5], "texture": "#2"},
				"down": {"uv": [8.5, 1, 14.5, 6.5], "texture": "#2"}
			}
		},
		{
			"from": [8, 6, 4.2],
			"to": [8.9, 7.2, 4.3],
			"rotation": {"angle": 0, "axis": "y", "origin": [8, 0, 0]},
			"faces": {
				"north": {"uv": [8.5, 1, 14.5, 6.5], "texture": "#2"},
				"east": {"uv": [8.5, 1, 14.5, 6.5], "texture": "#2"},
				"south": {"uv": [8.5, 1, 14.5, 6.5], "texture": "#2"},
				"west": {"uv": [8.5, 1, 14.5, 6.5], "texture": "#2"},
				"up": {"uv": [8.5, 1, 14.5, 6.5], "texture": "#2"},
				"down": {"uv": [8.5, 1, 14.5, 6.5], "texture": "#2"}
			}
		},
		{
			"from": [8, 6, 4.1],
			"to": [8.9, 7.2, 4.2],
			"rotation": {"angle": 0, "axis": "y", "origin": [8, 0, 0]},
			"faces": {
				"north": {"uv": [8.5, 1, 14.5, 6.5], "texture": "#2"},
				"east": {"uv": [8.5, 1, 14.5, 6.5], "texture": "#2"},
				"south": {"uv": [8.5, 1, 14.5, 6.5], "texture": "#2"},
				"west": {"uv": [8.5, 1, 14.5, 6.5], "texture": "#2"},
				"up": {"uv": [8.5, 1, 14.5, 6.5], "texture": "#2"},
				"down": {"uv": [8.5, 1, 14.5, 6.5], "texture": "#2"}
			}
		},
		{
			"from": [8, 6, 4],
			"to": [8.9, 7.2, 4.1],
			"rotation": {"angle": 0, "axis": "y", "origin": [8, 0, 0]},
			"faces": {
				"north": {"uv": [8.5, 1, 14.5, 6.5], "texture": "#2"},
				"east": {"uv": [8.5, 1, 14.5, 6.5], "texture": "#2"},
				"south": {"uv": [8.5, 1, 14.5, 6.5], "texture": "#2"},
				"west": {"uv": [8.5, 1, 14.5, 6.5], "texture": "#2"},
				"up": {"uv": [8.5, 1, 14.5, 6.5], "texture": "#2"},
				"down": {"uv": [8.5, 1, 14.5, 6.5], "texture": "#2"}
			}
		},
		{
			"from": [8, 6.1, 3],
			"to": [8.9, 7.2, 4],
			"rotation": {"angle": 0, "axis": "y", "origin": [8, 0, 0]},
			"faces": {
				"north": {"uv": [8.5, 1, 14.5, 6.5], "texture": "#2"},
				"east": {"uv": [8.5, 1, 14.5, 6.5], "texture": "#2"},
				"south": {"uv": [8.5, 1, 14.5, 6.5], "texture": "#2"},
				"west": {"uv": [8.5, 1, 14.5, 6.5], "texture": "#2"},
				"up": {"uv": [8.5, 1, 14.5, 6.5], "texture": "#2"},
				"down": {"uv": [8.5, 1, 14.5, 6.5], "texture": "#2"}
			}
		},
		{
			"from": [8, 6.2, 1.2],
			"to": [8.9, 7.2, 3],
			"rotation": {"angle": 0, "axis": "y", "origin": [8, 0, 0]},
			"faces": {
				"north": {"uv": [8.5, 1, 14.5, 6.5], "texture": "#2"},
				"east": {"uv": [8.5, 1, 14.5, 6.5], "texture": "#2"},
				"south": {"uv": [8.5, 1, 14.5, 6.5], "texture": "#2"},
				"west": {"uv": [8.5, 1, 14.5, 6.5], "texture": "#2"},
				"up": {"uv": [8.5, 1, 14.5, 6.5], "texture": "#2"},
				"down": {"uv": [8.5, 1, 14.5, 6.5], "texture": "#2"}
			}
		},
		{
			"from": [8, 6.3, 1],
			"to": [8.9, 7.2, 1.2],
			"rotation": {"angle": 0, "axis": "y", "origin": [8, 0, 0]},
			"faces": {
				"north": {"uv": [8.5, 1, 14.5, 6.5], "texture": "#2"},
				"east": {"uv": [8.5, 1, 14.5, 6.5], "texture": "#2"},
				"south": {"uv": [8.5, 1, 14.5, 6.5], "texture": "#2"},
				"west": {"uv": [8.5, 1, 14.5, 6.5], "texture": "#2"},
				"up": {"uv": [8.5, 1, 14.5, 6.5], "texture": "#2"},
				"down": {"uv": [8.5, 1, 14.5, 6.5], "texture": "#2"}
			}
		},
		{
			"from": [8, 7.2, 1],
			"to": [8.9, 8, 3.7],
			"rotation": {"angle": 0, "axis": "y", "origin": [8, 0, 0]},
			"faces": {
				"north": {"uv": [8.5, 1, 14.5, 6.5], "texture": "#2"},
				"east": {"uv": [8.5, 1, 14.5, 6.5], "texture": "#2"},
				"south": {"uv": [8.5, 1, 14.5, 6.5], "texture": "#2"},
				"west": {"uv": [8.5, 1, 14.5, 6.5], "texture": "#2"},
				"up": {"uv": [8.5, 1, 14.5, 6.5], "texture": "#2"},
				"down": {"uv": [8.5, 1, 14.5, 6.5], "texture": "#2"}
			}
		},
		{
			"from": [8, 5.7, 8.3],
			"to": [8.9, 7.2, 12.4],
			"rotation": {"angle": 0, "axis": "y", "origin": [8, 0, 0]},
			"faces": {
				"north": {"uv": [1, 11, 7, 13.5], "texture": "#2"},
				"east": {"uv": [1, 11, 7, 13.5], "texture": "#2"},
				"south": {"uv": [1, 11, 7, 13.5], "texture": "#2"},
				"west": {"uv": [1, 11, 7, 13.5], "texture": "#2"},
				"up": {"uv": [1, 11, 7, 13.5], "texture": "#2"},
				"down": {"uv": [1, 11, 7, 13.5], "texture": "#2"}
			}
		},
		{
			"from": [8, 6, 5],
			"to": [8.9, 7.8, 8.3],
			"rotation": {"angle": 0, "axis": "y", "origin": [8, 0, 0]},
			"faces": {
				"north": {"uv": [1, 11, 7, 13.5], "texture": "#2"},
				"east": {"uv": [1, 11, 7, 13.5], "texture": "#2"},
				"south": {"uv": [1, 11, 7, 13.5], "texture": "#2"},
				"west": {"uv": [1, 11, 7, 13.5], "texture": "#2"},
				"up": {"uv": [1, 11, 7, 13.5], "texture": "#2"},
				"down": {"uv": [1, 11, 7, 13.5], "texture": "#2"}
			}
		},
		{
			"from": [8, 5.9, 5],
			"to": [8.9, 6, 8.3],
			"rotation": {"angle": 0, "axis": "y", "origin": [8, 0, 0]},
			"faces": {
				"north": {"uv": [1, 11, 7, 13.5], "texture": "#2"},
				"east": {"uv": [1, 11, 7, 13.5], "texture": "#2"},
				"south": {"uv": [1, 11, 7, 13.5], "texture": "#2"},
				"west": {"uv": [1, 11, 7, 13.5], "texture": "#2"},
				"up": {"uv": [1, 11, 7, 13.5], "texture": "#2"},
				"down": {"uv": [1, 11, 7, 13.5], "texture": "#2"}
			}
		},
		{
			"from": [8.3, 6.4, -4.6],
			"to": [8.7, 6.5, 0.7],
			"rotation": {"angle": 0, "axis": "y", "origin": [8, 0, 0]},
			"faces": {
				"north": {"uv": [1, 11, 7, 13.5], "texture": "#2"},
				"east": {"uv": [1, 11, 7, 13.5], "texture": "#2"},
				"south": {"uv": [1, 11, 7, 13.5], "texture": "#2"},
				"west": {"uv": [1, 11, 7, 13.5], "texture": "#2"},
				"up": {"uv": [1, 11, 7, 13.5], "texture": "#2"},
				"down": {"uv": [1, 11, 7, 13.5], "texture": "#2"}
			}
		},
		{
			"from": [8.3, 6.6, -5.1],
			"to": [8.7, 7.1, 0.7],
			"rotation": {"angle": 0, "axis": "y", "origin": [8, 0, 0]},
			"faces": {
				"north": {"uv": [1, 11, 7, 13.5], "texture": "#2"},
				"east": {"uv": [1, 11, 7, 13.5], "texture": "#2"},
				"south": {"uv": [1, 11, 7, 13.5], "texture": "#2"},
				"west": {"uv": [1, 11, 7, 13.5], "texture": "#2"},
				"up": {"uv": [1, 11, 7, 13.5], "texture": "#2"},
				"down": {"uv": [1, 11, 7, 13.5], "texture": "#2"}
			}
		},
		{
			"from": [8.3, 6.3, -1.4],
			"to": [8.7, 6.4, -1.1],
			"rotation": {"angle": 0, "axis": "y", "origin": [8, 0, 0]},
			"faces": {
				"north": {"uv": [1, 11, 7, 13.5], "texture": "#2"},
				"east": {"uv": [1, 11, 7, 13.5], "texture": "#2"},
				"south": {"uv": [1, 11, 7, 13.5], "texture": "#2"},
				"west": {"uv": [1, 11, 7, 13.5], "texture": "#2"},
				"up": {"uv": [1, 11, 7, 13.5], "texture": "#2"},
				"down": {"uv": [1, 11, 7, 13.5], "texture": "#2"}
			}
		},
		{
			"from": [8.3, 6.5, -2.1],
			"to": [8.7, 6.7, -1],
			"rotation": {"angle": 0, "axis": "y", "origin": [8, 0, 0]},
			"faces": {
				"north": {"uv": [1, 11, 7, 13.5], "texture": "#2"},
				"east": {"uv": [1, 11, 7, 13.5], "texture": "#2"},
				"south": {"uv": [1, 11, 7, 13.5], "texture": "#2"},
				"west": {"uv": [1, 11, 7, 13.5], "texture": "#2"},
				"up": {"uv": [1, 11, 7, 13.5], "texture": "#2"},
				"down": {"uv": [1, 11, 7, 13.5], "texture": "#2"}
			}
		},
		{
			"from": [8.3, 7.1, -1.9],
			"to": [8.7, 7.2, -1],
			"rotation": {"angle": 0, "axis": "y", "origin": [8, 0, 0]},
			"faces": {
				"north": {"uv": [1, 11, 7, 13.5], "texture": "#2"},
				"east": {"uv": [1, 11, 7, 13.5], "texture": "#2"},
				"south": {"uv": [1, 11, 7, 13.5], "texture": "#2"},
				"west": {"uv": [1, 11, 7, 13.5], "texture": "#2"},
				"up": {"uv": [1, 11, 7, 13.5], "texture": "#2"},
				"down": {"uv": [1, 11, 7, 13.5], "texture": "#2"}
			}
		},
		{
			"from": [8.3, 7.2, -1.6],
			"to": [8.7, 7.3, -1],
			"rotation": {"angle": 0, "axis": "y", "origin": [8, 0, 0]},
			"faces": {
				"north": {"uv": [1, 11, 7, 13.5], "texture": "#2"},
				"east": {"uv": [1, 11, 7, 13.5], "texture": "#2"},
				"south": {"uv": [1, 11, 7, 13.5], "texture": "#2"},
				"west": {"uv": [1, 11, 7, 13.5], "texture": "#2"},
				"up": {"uv": [1, 11, 7, 13.5], "texture": "#2"},
				"down": {"uv": [1, 11, 7, 13.5], "texture": "#2"}
			}
		},
		{
			"from": [8.3, 7.3, -1.5],
			"to": [8.7, 7.4, 0.7],
			"rotation": {"angle": 0, "axis": "y", "origin": [8, 0, 0]},
			"faces": {
				"north": {"uv": [1, 11, 7, 13.5], "texture": "#2"},
				"east": {"uv": [1, 11, 7, 13.5], "texture": "#2"},
				"south": {"uv": [1, 11, 7, 13.5], "texture": "#2"},
				"west": {"uv": [1, 11, 7, 13.5], "texture": "#2"},
				"up": {"uv": [1, 11, 7, 13.5], "texture": "#2"},
				"down": {"uv": [1, 11, 7, 13.5], "texture": "#2"}
			}
		},
		{
			"from": [8.3, 7.2, -1],
			"to": [8.7, 7.3, 0.7],
			"rotation": {"angle": 0, "axis": "y", "origin": [8, 0, 0]},
			"faces": {
				"north": {"uv": [1, 11, 7, 13.5], "texture": "#2"},
				"east": {"uv": [1, 11, 7, 13.5], "texture": "#2"},
				"south": {"uv": [1, 11, 7, 13.5], "texture": "#2"},
				"west": {"uv": [1, 11, 7, 13.5], "texture": "#2"},
				"up": {"uv": [1, 11, 7, 13.5], "texture": "#2"},
				"down": {"uv": [1, 11, 7, 13.5], "texture": "#2"}
			}
		},
		{
			"from": [8.3, 7.4, -1.4],
			"to": [8.7, 7.5, 0.7],
			"rotation": {"angle": 0, "axis": "y", "origin": [8, 0, 0]},
			"faces": {
				"north": {"uv": [1, 11, 7, 13.5], "texture": "#2"},
				"east": {"uv": [1, 11, 7, 13.5], "texture": "#2"},
				"south": {"uv": [1, 11, 7, 13.5], "texture": "#2"},
				"west": {"uv": [1, 11, 7, 13.5], "texture": "#2"},
				"up": {"uv": [1, 11, 7, 13.5], "texture": "#2"},
				"down": {"uv": [1, 11, 7, 13.5], "texture": "#2"}
			}
		},
		{
			"from": [8.3, 7.5, -1.3],
			"to": [8.7, 7.6, 0.7],
			"rotation": {"angle": 0, "axis": "y", "origin": [8, 0, 0]},
			"faces": {
				"north": {"uv": [1, 11, 7, 13.5], "texture": "#2"},
				"east": {"uv": [1, 11, 7, 13.5], "texture": "#2"},
				"south": {"uv": [1, 11, 7, 13.5], "texture": "#2"},
				"west": {"uv": [1, 11, 7, 13.5], "texture": "#2"},
				"up": {"uv": [1, 11, 7, 13.5], "texture": "#2"},
				"down": {"uv": [1, 11, 7, 13.5], "texture": "#2"}
			}
		},
		{
			"from": [8.3, 7.6, -1.3],
			"to": [8.7, 7.8, 0.7],
			"rotation": {"angle": 0, "axis": "y", "origin": [8, 0, 0]},
			"faces": {
				"north": {"uv": [1, 11, 7, 13.5], "texture": "#2"},
				"east": {"uv": [1, 11, 7, 13.5], "texture": "#2"},
				"south": {"uv": [1, 11, 7, 13.5], "texture": "#2"},
				"west": {"uv": [1, 11, 7, 13.5], "texture": "#2"},
				"up": {"uv": [1, 11, 7, 13.5], "texture": "#2"},
				"down": {"uv": [1, 11, 7, 13.5], "texture": "#2"}
			}
		},
		{
			"from": [8.3, 6.5, -4.7],
			"to": [8.7, 6.6, -4.1],
			"rotation": {"angle": 0, "axis": "y", "origin": [8, 0, 0]},
			"faces": {
				"north": {"uv": [1, 11, 7, 13.5], "texture": "#2"},
				"east": {"uv": [1, 11, 7, 13.5], "texture": "#2"},
				"south": {"uv": [1, 11, 7, 13.5], "texture": "#2"},
				"west": {"uv": [1, 11, 7, 13.5], "texture": "#2"},
				"up": {"uv": [1, 11, 7, 13.5], "texture": "#2"},
				"down": {"uv": [1, 11, 7, 13.5], "texture": "#2"}
			}
		},
		{
			"from": [8.3, 7.1, -4.8],
			"to": [8.7, 7.2, -3.7],
			"rotation": {"angle": 0, "axis": "y", "origin": [8, 0, 0]},
			"faces": {
				"north": {"uv": [1, 11, 7, 13.5], "texture": "#2"},
				"east": {"uv": [1, 11, 7, 13.5], "texture": "#2"},
				"south": {"uv": [1, 11, 7, 13.5], "texture": "#2"},
				"west": {"uv": [1, 11, 7, 13.5], "texture": "#2"},
				"up": {"uv": [1, 11, 7, 13.5], "texture": "#2"},
				"down": {"uv": [1, 11, 7, 13.5], "texture": "#2"}
			}
		},
		{
			"from": [8.3, 7.2, -4],
			"to": [8.7, 7.3, -3.8],
			"rotation": {"angle": 0, "axis": "y", "origin": [8, 0, 0]},
			"faces": {
				"north": {"uv": [1, 11, 7, 13.5], "texture": "#2"},
				"east": {"uv": [1, 11, 7, 13.5], "texture": "#2"},
				"south": {"uv": [1, 11, 7, 13.5], "texture": "#2"},
				"west": {"uv": [1, 11, 7, 13.5], "texture": "#2"},
				"up": {"uv": [1, 11, 7, 13.5], "texture": "#2"},
				"down": {"uv": [1, 11, 7, 13.5], "texture": "#2"}
			}
		},
		{
			"from": [8.3, 7.3, -4],
			"to": [8.7, 7.4, -3.8],
			"rotation": {"angle": 0, "axis": "y", "origin": [8, 0, 0]},
			"faces": {
				"north": {"uv": [1, 11, 7, 13.5], "texture": "#2"},
				"east": {"uv": [1, 11, 7, 13.5], "texture": "#2"},
				"south": {"uv": [1, 11, 7, 13.5], "texture": "#2"},
				"west": {"uv": [1, 11, 7, 13.5], "texture": "#2"},
				"up": {"uv": [1, 11, 7, 13.5], "texture": "#2"},
				"down": {"uv": [1, 11, 7, 13.5], "texture": "#2"}
			}
		},
		{
			"from": [8.3, 7.4, -4.1],
			"to": [8.7, 7.5, -3.9],
			"rotation": {"angle": 0, "axis": "y", "origin": [8, 0, 0]},
			"faces": {
				"north": {"uv": [1, 11, 7, 13.5], "texture": "#2"},
				"east": {"uv": [1, 11, 7, 13.5], "texture": "#2"},
				"south": {"uv": [1, 11, 7, 13.5], "texture": "#2"},
				"west": {"uv": [1, 11, 7, 13.5], "texture": "#2"},
				"up": {"uv": [1, 11, 7, 13.5], "texture": "#2"},
				"down": {"uv": [1, 11, 7, 13.5], "texture": "#2"}
			}
		},
		{
			"from": [8.3, 7.2, -4.7],
			"to": [8.7, 7.5, -4.5],
			"rotation": {"angle": 0, "axis": "y", "origin": [8, 0, 0]},
			"faces": {
				"north": {"uv": [1, 11, 7, 13.5], "texture": "#2"},
				"east": {"uv": [1, 11, 7, 13.5], "texture": "#2"},
				"south": {"uv": [1, 11, 7, 13.5], "texture": "#2"},
				"west": {"uv": [1, 11, 7, 13.5], "texture": "#2"},
				"up": {"uv": [1, 11, 7, 13.5], "texture": "#2"},
				"down": {"uv": [1, 11, 7, 13.5], "texture": "#2"}
			}
		},
		{
			"from": [8.3, 7.5, -4.7],
			"to": [8.7, 7.6, -3.9],
			"rotation": {"angle": 0, "axis": "y", "origin": [8, 0, 0]},
			"faces": {
				"north": {"uv": [1, 11, 7, 13.5], "texture": "#2"},
				"east": {"uv": [1, 11, 7, 13.5], "texture": "#2"},
				"south": {"uv": [1, 11, 7, 13.5], "texture": "#2"},
				"west": {"uv": [1, 11, 7, 13.5], "texture": "#2"},
				"up": {"uv": [1, 11, 7, 13.5], "texture": "#2"},
				"down": {"uv": [1, 11, 7, 13.5], "texture": "#2"}
			}
		},
		{
			"from": [8.3, 7.6, -4.7],
			"to": [8.7, 7.7, -4],
			"rotation": {"angle": 0, "axis": "y", "origin": [8, 0, 0]},
			"faces": {
				"north": {"uv": [1, 11, 7, 13.5], "texture": "#2"},
				"east": {"uv": [1, 11, 7, 13.5], "texture": "#2"},
				"south": {"uv": [1, 11, 7, 13.5], "texture": "#2"},
				"west": {"uv": [1, 11, 7, 13.5], "texture": "#2"},
				"up": {"uv": [1, 11, 7, 13.5], "texture": "#2"},
				"down": {"uv": [1, 11, 7, 13.5], "texture": "#2"}
			}
		},
		{
			"from": [8.3, 7.7, -4.7],
			"to": [8.7, 7.8, -4.1],
			"rotation": {"angle": 0, "axis": "y", "origin": [8, 0, 0]},
			"faces": {
				"north": {"uv": [1, 11, 7, 13.5], "texture": "#2"},
				"east": {"uv": [1, 11, 7, 13.5], "texture": "#2"},
				"south": {"uv": [1, 11, 7, 13.5], "texture": "#2"},
				"west": {"uv": [1, 11, 7, 13.5], "texture": "#2"},
				"up": {"uv": [1, 11, 7, 13.5], "texture": "#2"},
				"down": {"uv": [1, 11, 7, 13.5], "texture": "#2"}
			}
		},
		{
			"from": [8.3, 8.2, -4.6],
			"to": [8.7, 8.3, -4.2],
			"rotation": {"angle": 0, "axis": "y", "origin": [8, 0, 0]},
			"faces": {
				"north": {"uv": [1, 11, 7, 13.5], "texture": "#2"},
				"east": {"uv": [1, 11, 7, 13.5], "texture": "#2"},
				"south": {"uv": [1, 11, 7, 13.5], "texture": "#2"},
				"west": {"uv": [1, 11, 7, 13.5], "texture": "#2"},
				"up": {"uv": [1, 11, 7, 13.5], "texture": "#2"},
				"down": {"uv": [1, 11, 7, 13.5], "texture": "#2"}
			}
		},
		{
			"from": [8.3, 7.8, -4.7],
			"to": [8.7, 8.2, -4.1],
			"rotation": {"angle": 0, "axis": "y", "origin": [8, 0, 0]},
			"faces": {
				"north": {"uv": [1, 11, 7, 13.5], "texture": "#2"},
				"east": {"uv": [1, 11, 7, 13.5], "texture": "#2"},
				"south": {"uv": [1, 11, 7, 13.5], "texture": "#2"},
				"west": {"uv": [1, 11, 7, 13.5], "texture": "#2"},
				"up": {"uv": [1, 11, 7, 13.5], "texture": "#2"},
				"down": {"uv": [1, 11, 7, 13.5], "texture": "#2"}
			}
		},
		{
			"from": [8, 6.2, 0.9],
			"to": [8.9, 7.9, 1],
			"rotation": {"angle": 0, "axis": "y", "origin": [8, 0, 0]},
			"faces": {
				"north": {"uv": [1, 11, 7, 13.5], "texture": "#2"},
				"east": {"uv": [1, 11, 7, 13.5], "texture": "#2"},
				"south": {"uv": [1, 11, 7, 13.5], "texture": "#2"},
				"west": {"uv": [1, 11, 7, 13.5], "texture": "#2"},
				"up": {"uv": [1, 11, 7, 13.5], "texture": "#2"},
				"down": {"uv": [1, 11, 7, 13.5], "texture": "#2"}
			}
		},
		{
			"from": [8, 6.3, 0.8],
			"to": [8.9, 7.8, 0.9],
			"rotation": {"angle": 0, "axis": "y", "origin": [8, 0, 0]},
			"faces": {
				"north": {"uv": [1, 11, 7, 13.5], "texture": "#2"},
				"east": {"uv": [1, 11, 7, 13.5], "texture": "#2"},
				"south": {"uv": [1, 11, 7, 13.5], "texture": "#2"},
				"west": {"uv": [1, 11, 7, 13.5], "texture": "#2"},
				"up": {"uv": [1, 11, 7, 13.5], "texture": "#2"},
				"down": {"uv": [1, 11, 7, 13.5], "texture": "#2"}
			}
		},
		{
			"from": [8, 6.4, 0.7],
			"to": [8.9, 7.8, 0.8],
			"rotation": {"angle": 0, "axis": "y", "origin": [8, 0, 0]},
			"faces": {
				"north": {"uv": [1, 11, 7, 13.5], "texture": "#2"},
				"east": {"uv": [1, 11, 7, 13.5], "texture": "#2"},
				"south": {"uv": [1, 11, 7, 13.5], "texture": "#2"},
				"west": {"uv": [1, 11, 7, 13.5], "texture": "#2"},
				"up": {"uv": [1, 11, 7, 13.5], "texture": "#2"},
				"down": {"uv": [1, 11, 7, 13.5], "texture": "#2"}
			}
		},
		{
			"from": [8, 5.6, 10.2],
			"to": [8.9, 5.7, 12.3],
			"rotation": {"angle": 0, "axis": "y", "origin": [8, 0, 0]},
			"faces": {
				"north": {"uv": [1, 11, 7, 13.5], "texture": "#2"},
				"east": {"uv": [1, 11, 7, 13.5], "texture": "#2"},
				"south": {"uv": [1, 11, 7, 13.5], "texture": "#2"},
				"west": {"uv": [1, 11, 7, 13.5], "texture": "#2"},
				"up": {"uv": [1, 11, 7, 13.5], "texture": "#2"},
				"down": {"uv": [1, 11, 7, 13.5], "texture": "#2"}
			}
		},
		{
			"from": [8, 5.5, 10.2],
			"to": [8.9, 5.6, 12.1],
			"rotation": {"angle": 0, "axis": "y", "origin": [8, 0, 0]},
			"faces": {
				"north": {"uv": [1, 11, 7, 13.5], "texture": "#2"},
				"east": {"uv": [1, 11, 7, 13.5], "texture": "#2"},
				"south": {"uv": [1, 11, 7, 13.5], "texture": "#2"},
				"west": {"uv": [1, 11, 7, 13.5], "texture": "#2"},
				"up": {"uv": [1, 11, 7, 13.5], "texture": "#2"},
				"down": {"uv": [1, 11, 7, 13.5], "texture": "#2"}
			}
		},
		{
			"from": [8, 7.2, 8.3],
			"to": [8.9, 7.3, 12.3],
			"rotation": {"angle": 0, "axis": "y", "origin": [8, 0, 0]},
			"faces": {
				"north": {"uv": [1, 11, 7, 13.5], "texture": "#2"},
				"east": {"uv": [1, 11, 7, 13.5], "texture": "#2"},
				"south": {"uv": [1, 11, 7, 13.5], "texture": "#2"},
				"west": {"uv": [1, 11, 7, 13.5], "texture": "#2"},
				"up": {"uv": [1, 11, 7, 13.5], "texture": "#2"},
				"down": {"uv": [1, 11, 7, 13.5], "texture": "#2"}
			}
		},
		{
			"from": [8, 7.3, 8.3],
			"to": [8.9, 7.4, 12.1],
			"rotation": {"angle": 0, "axis": "y", "origin": [8, 0, 0]},
			"faces": {
				"north": {"uv": [1, 11, 7, 13.5], "texture": "#2"},
				"east": {"uv": [1, 11, 7, 13.5], "texture": "#2"},
				"south": {"uv": [1, 11, 7, 13.5], "texture": "#2"},
				"west": {"uv": [1, 11, 7, 13.5], "texture": "#2"},
				"up": {"uv": [1, 11, 7, 13.5], "texture": "#2"},
				"down": {"uv": [1, 11, 7, 13.5], "texture": "#2"}
			}
		},
		{
			"from": [8, 7.4, 8.3],
			"to": [8.9, 7.5, 11.9],
			"rotation": {"angle": 0, "axis": "y", "origin": [8, 0, 0]},
			"faces": {
				"north": {"uv": [1, 11, 7, 13.5], "texture": "#2"},
				"east": {"uv": [1, 11, 7, 13.5], "texture": "#2"},
				"south": {"uv": [1, 11, 7, 13.5], "texture": "#2"},
				"west": {"uv": [1, 11, 7, 13.5], "texture": "#2"},
				"up": {"uv": [1, 11, 7, 13.5], "texture": "#2"},
				"down": {"uv": [1, 11, 7, 13.5], "texture": "#2"}
			}
		},
		{
			"from": [8, 7.5, 8.3],
			"to": [8.9, 7.6, 11.8],
			"rotation": {"angle": 0, "axis": "y", "origin": [8, 0, 0]},
			"faces": {
				"north": {"uv": [1, 11, 7, 13.5], "texture": "#2"},
				"east": {"uv": [1, 11, 7, 13.5], "texture": "#2"},
				"south": {"uv": [1, 11, 7, 13.5], "texture": "#2"},
				"west": {"uv": [1, 11, 7, 13.5], "texture": "#2"},
				"up": {"uv": [1, 11, 7, 13.5], "texture": "#2"},
				"down": {"uv": [1, 11, 7, 13.5], "texture": "#2"}
			}
		},
		{
			"from": [8, 7.6, 8.3],
			"to": [8.9, 7.7, 11.7],
			"rotation": {"angle": 0, "axis": "y", "origin": [8, 0, 0]},
			"faces": {
				"north": {"uv": [1, 11, 7, 13.5], "texture": "#2"},
				"east": {"uv": [1, 11, 7, 13.5], "texture": "#2"},
				"south": {"uv": [1, 11, 7, 13.5], "texture": "#2"},
				"west": {"uv": [1, 11, 7, 13.5], "texture": "#2"},
				"up": {"uv": [1, 11, 7, 13.5], "texture": "#2"},
				"down": {"uv": [1, 11, 7, 13.5], "texture": "#2"}
			}
		},
		{
			"from": [8, 7.2, 3.7],
			"to": [8.9, 8.1, 5],
			"rotation": {"angle": 0, "axis": "y", "origin": [8, 0, 0]},
			"faces": {
				"north": {"uv": [1, 11, 7, 13.5], "texture": "#2"},
				"east": {"uv": [1, 11, 7, 13.5], "texture": "#2"},
				"south": {"uv": [1, 11, 7, 13.5], "texture": "#2"},
				"west": {"uv": [1, 11, 7, 13.5], "texture": "#2"},
				"up": {"uv": [1, 11, 7, 13.5], "texture": "#2"},
				"down": {"uv": [1, 11, 7, 13.5], "texture": "#2"}
			}
		},
		{
			"from": [8, 7.8, 5],
			"to": [8.9, 7.9, 5.8],
			"rotation": {"angle": 0, "axis": "y", "origin": [8, 0, 0]},
			"faces": {
				"north": {"uv": [1, 11, 7, 13.5], "texture": "#2"},
				"east": {"uv": [1, 11, 7, 13.5], "texture": "#2"},
				"south": {"uv": [1, 11, 7, 13.5], "texture": "#2"},
				"west": {"uv": [1, 11, 7, 13.5], "texture": "#2"},
				"up": {"uv": [1, 11, 7, 13.5], "texture": "#2"},
				"down": {"uv": [1, 11, 7, 13.5], "texture": "#2"}
			}
		},
		{
			"from": [8, 7.9, 5],
			"to": [8.9, 8, 5.9],
			"rotation": {"angle": 0, "axis": "y", "origin": [8, 0, 0]},
			"faces": {
				"north": {"uv": [1, 11, 7, 13.5], "texture": "#2"},
				"east": {"uv": [1, 11, 7, 13.5], "texture": "#2"},
				"south": {"uv": [1, 11, 7, 13.5], "texture": "#2"},
				"west": {"uv": [1, 11, 7, 13.5], "texture": "#2"},
				"up": {"uv": [1, 11, 7, 13.5], "texture": "#2"},
				"down": {"uv": [1, 11, 7, 13.5], "texture": "#2"}
			}
		},
		{
			"from": [8, 8, 5.8],
			"to": [8.9, 8.1, 5.9],
			"rotation": {"angle": 0, "axis": "y", "origin": [8, 0, 0]},
			"faces": {
				"north": {"uv": [1, 11, 7, 13.5], "texture": "#2"},
				"east": {"uv": [1, 11, 7, 13.5], "texture": "#2"},
				"south": {"uv": [1, 11, 7, 13.5], "texture": "#2"},
				"west": {"uv": [1, 11, 7, 13.5], "texture": "#2"},
				"up": {"uv": [1, 11, 7, 13.5], "texture": "#2"},
				"down": {"uv": [1, 11, 7, 13.5], "texture": "#2"}
			}
		},
		{
			"from": [8, 8, 5.4],
			"to": [8.9, 8.1, 5.7],
			"rotation": {"angle": 0, "axis": "y", "origin": [8, 0, 0]},
			"faces": {
				"north": {"uv": [1, 11, 7, 13.5], "texture": "#2"},
				"east": {"uv": [1, 11, 7, 13.5], "texture": "#2"},
				"south": {"uv": [1, 11, 7, 13.5], "texture": "#2"},
				"west": {"uv": [1, 11, 7, 13.5], "texture": "#2"},
				"up": {"uv": [1, 11, 7, 13.5], "texture": "#2"},
				"down": {"uv": [1, 11, 7, 13.5], "texture": "#2"}
			}
		},
		{
			"from": [8, 7.7, 8.3],
			"to": [8.9, 7.8, 10.8],
			"rotation": {"angle": 0, "axis": "y", "origin": [8, 0, 0]},
			"faces": {
				"north": {"uv": [1, 11, 7, 13.5], "texture": "#2"},
				"east": {"uv": [1, 11, 7, 13.5], "texture": "#2"},
				"south": {"uv": [1, 11, 7, 13.5], "texture": "#2"},
				"west": {"uv": [1, 11, 7, 13.5], "texture": "#2"},
				"up": {"uv": [1, 11, 7, 13.5], "texture": "#2"},
				"down": {"uv": [1, 11, 7, 13.5], "texture": "#2"}
			}
		},
		{
			"from": [8, 4.8, 9],
			"to": [8.9, 4.9, 10.2],
			"rotation": {"angle": 0, "axis": "y", "origin": [8, 0, 0]},
			"faces": {
				"north": {"uv": [1, 11, 7, 13.5], "texture": "#2"},
				"east": {"uv": [1, 11, 7, 13.5], "texture": "#2"},
				"south": {"uv": [1, 11, 7, 13.5], "texture": "#2"},
				"west": {"uv": [1, 11, 7, 13.5], "texture": "#2"},
				"up": {"uv": [1, 11, 7, 13.5], "texture": "#2"},
				"down": {"uv": [1, 11, 7, 13.5], "texture": "#2"}
			}
		},
		{
			"from": [8, 5, 8.5],
			"to": [8.9, 5.1, 8.9],
			"rotation": {"angle": 0, "axis": "y", "origin": [8, 0, 0]},
			"faces": {
				"north": {"uv": [1, 11, 7, 13.5], "texture": "#2"},
				"east": {"uv": [1, 11, 7, 13.5], "texture": "#2"},
				"south": {"uv": [1, 11, 7, 13.5], "texture": "#2"},
				"west": {"uv": [1, 11, 7, 13.5], "texture": "#2"},
				"up": {"uv": [1, 11, 7, 13.5], "texture": "#2"},
				"down": {"uv": [1, 11, 7, 13.5], "texture": "#2"}
			}
		},
		{
			"from": [8, 5.1, 8.4],
			"to": [8.9, 5.2, 8.9],
			"rotation": {"angle": 0, "axis": "y", "origin": [8, 0, 0]},
			"faces": {
				"north": {"uv": [1, 11, 7, 13.5], "texture": "#2"},
				"east": {"uv": [1, 11, 7, 13.5], "texture": "#2"},
				"south": {"uv": [1, 11, 7, 13.5], "texture": "#2"},
				"west": {"uv": [1, 11, 7, 13.5], "texture": "#2"},
				"up": {"uv": [1, 11, 7, 13.5], "texture": "#2"},
				"down": {"uv": [1, 11, 7, 13.5], "texture": "#2"}
			}
		},
		{
			"from": [8, 4.7, 8.5],
			"to": [8.9, 5, 8.6],
			"rotation": {"angle": 0, "axis": "y", "origin": [8, 0, 0]},
			"faces": {
				"north": {"uv": [1, 11, 7, 13.5], "texture": "#2"},
				"east": {"uv": [1, 11, 7, 13.5], "texture": "#2"},
				"south": {"uv": [1, 11, 7, 13.5], "texture": "#2"},
				"west": {"uv": [1, 11, 7, 13.5], "texture": "#2"},
				"up": {"uv": [1, 11, 7, 13.5], "texture": "#2"},
				"down": {"uv": [1, 11, 7, 13.5], "texture": "#2"}
			}
		},
		{
			"from": [8, 5.2, 8.3],
			"to": [8.9, 5.7, 8.9],
			"rotation": {"angle": 0, "axis": "y", "origin": [8, 0, 0]},
			"faces": {
				"north": {"uv": [1, 11, 7, 13.5], "texture": "#2"},
				"east": {"uv": [1, 11, 7, 13.5], "texture": "#2"},
				"south": {"uv": [1, 11, 7, 13.5], "texture": "#2"},
				"west": {"uv": [1, 11, 7, 13.5], "texture": "#2"},
				"up": {"uv": [1, 11, 7, 13.5], "texture": "#2"},
				"down": {"uv": [1, 11, 7, 13.5], "texture": "#2"}
			}
		},
		{
			"from": [8, 4.5, 9.9],
			"to": [8.9, 4.6, 10.3],
			"rotation": {"angle": -45, "axis": "x", "origin": [8.5, 4.95, 9.7]},
			"faces": {
				"north": {"uv": [1, 11, 7, 13.5], "texture": "#2"},
				"east": {"uv": [1, 11, 7, 13.5], "texture": "#2"},
				"south": {"uv": [1, 11, 7, 13.5], "texture": "#2"},
				"west": {"uv": [1, 11, 7, 13.5], "texture": "#2"},
				"up": {"uv": [1, 11, 7, 13.5], "texture": "#2"},
				"down": {"uv": [1, 11, 7, 13.5], "texture": "#2"}
			}
		},
		{
			"from": [8, 5.54497, 8.72071],
			"to": [8.9, 5.94497, 8.82071],
			"rotation": {"angle": -45, "axis": "x", "origin": [8.5, 5.44497, 9.77071]},
			"faces": {
				"north": {"uv": [1, 11, 7, 13.5], "rotation": 90, "texture": "#2"},
				"east": {"uv": [1, 11, 7, 13.5], "rotation": 90, "texture": "#2"},
				"south": {"uv": [1, 11, 7, 13.5], "rotation": 90, "texture": "#2"},
				"west": {"uv": [1, 11, 7, 13.5], "rotation": 90, "texture": "#2"},
				"up": {"uv": [1, 11, 7, 13.5], "rotation": 90, "texture": "#2"},
				"down": {"uv": [1, 11, 7, 13.5], "rotation": 90, "texture": "#2"}
			}
		},
		{
			"from": [8.2, 4.7, 6.5],
			"to": [8.7, 5.9, 8.3],
			"rotation": {"angle": 0, "axis": "y", "origin": [8, 0, 0]},
			"faces": {
				"north": {"uv": [2, 2, 3.8, 3.2], "texture": "#2"},
				"east": {"uv": [2, 2, 3.8, 3.2], "texture": "#2"},
				"south": {"uv": [2, 2, 3.8, 3.2], "texture": "#2"},
				"west": {"uv": [2, 2, 3.8, 3.2], "texture": "#2"},
				"up": {"uv": [2, 2, 3.8, 3.2], "texture": "#2"},
				"down": {"uv": [2, 2, 3.8, 3.2], "texture": "#2"}
			}
		},
		{
			"from": [8.4, 5.6, 9.7],
			"to": [8.5, 5.9, 10.1],
			"rotation": {"angle": 0, "axis": "y", "origin": [8, 0, 0]},
			"faces": {
				"north": {"uv": [2, 2, 2.4, 2.3], "texture": "#2"},
				"east": {"uv": [2, 2, 2.4, 2.3], "texture": "#2"},
				"south": {"uv": [2, 2, 2.4, 2.3], "texture": "#2"},
				"west": {"uv": [2, 2, 2.4, 2.3], "texture": "#2"},
				"up": {"uv": [2, 2, 2.4, 2.3], "texture": "#2"},
				"down": {"uv": [2, 2, 2.4, 2.3], "texture": "#2"}
			}
		},
		{
			"from": [8.4, 5.3, 9.9],
			"to": [8.5, 5.6, 10],
			"rotation": {"angle": 0, "axis": "y", "origin": [8, 0, 0]},
			"faces": {
				"north": {"uv": [2, 2, 2.1, 2.3], "texture": "#2"},
				"east": {"uv": [2, 2, 2.1, 2.3], "texture": "#2"},
				"south": {"uv": [2, 2, 2.1, 2.3], "texture": "#2"},
				"west": {"uv": [2, 2, 2.1, 2.3], "texture": "#2"},
				"up": {"uv": [2, 2, 2.1, 2.3], "texture": "#2"},
				"down": {"uv": [2, 2, 2.1, 2.3], "texture": "#2"}
			}
		},
		{
			"from": [8.4, 4.9, 9.7],
			"to": [8.5, 5.4, 9.8],
			"rotation": {"angle": 45, "axis": "x", "origin": [8.45, 5.15, 9.85]},
			"faces": {
				"north": {"uv": [2, 2, 2.1, 2.5], "texture": "#2"},
				"east": {"uv": [2, 2, 2.1, 2.5], "texture": "#2"},
				"south": {"uv": [2, 2, 2.1, 2.5], "texture": "#2"},
				"west": {"uv": [2, 2, 2.1, 2.5], "texture": "#2"},
				"up": {"uv": [2, 2, 2.1, 2.5], "texture": "#2"},
				"down": {"uv": [2, 2, 2.1, 2.5], "texture": "#2"}
			}
		},
		{
			"from": [8.2, 3.1, 6.1],
			"to": [8.7, 4.9, 8.1],
			"rotation": {"angle": 22.5, "axis": "x", "origin": [8.5, 4.2, 7.9]},
			"faces": {
				"north": {"uv": [2, 2, 4, 3.8], "texture": "#2"},
				"east": {"uv": [2, 2, 4, 3.8], "texture": "#2"},
				"south": {"uv": [2, 2, 4, 3.8], "texture": "#2"},
				"west": {"uv": [2, 2, 4, 3.8], "texture": "#2"},
				"up": {"uv": [2, 2, 4, 3.8], "texture": "#2"},
				"down": {"uv": [2, 2, 4, 3.8], "texture": "#2"}
			}
		},
		{
			"from": [8.2, 3.1, 7.9],
			"to": [8.7, 4.9, 8.1],
			"rotation": {"angle": 22.5, "axis": "x", "origin": [8.5, 4.2, 7.9]},
			"faces": {
				"north": {"uv": [2, 2, 2.2, 3.8], "texture": "#2"},
				"east": {"uv": [2, 2, 2.2, 3.8], "texture": "#2"},
				"south": {"uv": [2, 2, 2.2, 3.8], "texture": "#2"},
				"west": {"uv": [2, 2, 2.2, 3.8], "texture": "#2"},
				"up": {"uv": [2, 2, 2.2, 3.8], "texture": "#2"},
				"down": {"uv": [2, 2, 2.2, 3.8], "texture": "#2"}
			}
		},
		{
			"from": [8.2, 1.62117, 6.88813],
			"to": [8.7, 3.42117, 7.08813],
			"rotation": {"angle": 45, "axis": "x", "origin": [8.5, 2.52117, 6.98813]},
			"faces": {
				"north": {"uv": [2, 2, 2.2, 3.8], "texture": "#2"},
				"east": {"uv": [2, 2, 2.2, 3.8], "texture": "#2"},
				"south": {"uv": [2, 2, 2.2, 3.8], "texture": "#2"},
				"west": {"uv": [2, 2, 2.2, 3.8], "texture": "#2"},
				"up": {"uv": [2, 2, 2.2, 3.8], "texture": "#2"},
				"down": {"uv": [2, 2, 2.2, 3.8], "texture": "#2"}
			}
		},
		{
			"from": [8.2, 0.32117, 5.18813],
			"to": [8.7, 3.42117, 7.08813],
			"rotation": {"angle": 45, "axis": "x", "origin": [8.5, 2.52117, 6.98813]},
			"faces": {
				"north": {"uv": [2, 2, 3.9, 5.1], "texture": "#2"},
				"east": {"uv": [2, 2, 3.9, 5.1], "texture": "#2"},
				"south": {"uv": [2, 2, 3.9, 5.1], "texture": "#2"},
				"west": {"uv": [2, 2, 3.9, 5.1], "texture": "#2"},
				"up": {"uv": [2, 2, 3.9, 5.1], "texture": "#2"},
				"down": {"uv": [2, 2, 3.9, 5.1], "texture": "#2"}
			}
		}
	],
	"display": {
		"thirdperson_righthand": {
			"rotation": [-4, 0, 0],
			"translation": [-1, 3.25, -3.25]
		},
		"thirdperson_lefthand": {
			"translation": [1, 3, -2.5]
		},
		"firstperson_righthand": {
			"rotation": [0, -11, 0],
			"translation": [-4, 7, 4.75],
			"scale": [0.7, 0.7, 0.7]
		},
		"firstperson_lefthand": {
			"rotation": [0, 12, 0],
			"translation": [-2.75, 6.25, 4.75]
		},
		"ground": {
			"rotation": [0, 0, 76],
			"translation": [-2.5, 0, 0]
		},
		"gui": {
			"rotation": [90, 54.5, -90],
			"translation": [1.75, 1, 0]
		},
		"head": {
			"rotation": [90, -55, 90],
			"translation": [-1.5, -14.5, 3.25]
		},
		"fixed": {
			"rotation": [-52, 180, 72],
			"translation": [6.75, 2.5, -9.25],
			"scale": [2, 2, 2]
		}
	},
	"groups": [
		{
			"name": "wood",
			"origin": [8, 8, 8],
			"color": 0,
			"children": [0, 1, 2, 3, 4, 5, 6, 7, 8, 9, 10, 11, 12, 13, 14, 15, 16, 17, 18, 19, 20, 21, 22, 23, 24, 25, 26, 27, 28, 29, 30, 31, 32, 33]
		},
		{
			"name": "metal",
			"origin": [8, 8, 8],
			"color": 0,
			"children": [
				34,
				35,
				36,
				37,
				38,
				39,
				40,
				41,
				42,
				43,
				44,
				45,
				46,
				47,
				48,
				49,
				50,
				51,
				52,
				53,
				54,
				55,
				56,
				57,
				58,
				59,
				60,
				61,
				62,
				63,
				64,
				65,
				66,
				67,
				68,
				69,
				70,
				71,
				72,
				73,
				74,
				75,
				76,
				77,
				78,
				79,
				80,
				81
			]
		},
		{
			"name": "pente",
			"origin": [8, 8, 8],
			"color": 0,
			"children": [82, 83, 84, 85, 86, 87, 88, 89]
		}
	]
}