{
	"credit": "Made with Blockbench",
	"textures": {
		"1": "item/AUG"
	},
	"elements": [
		{
			"from": [0, 6.1, 0],
			"to": [1, 9.1, 0.1],
			"faces": {
				"north": {"uv": [9, 0, 15, 7.5], "texture": "#1"},
				"east": {"uv": [9, 0, 15, 7.5], "texture": "#1"},
				"south": {"uv": [9, 0, 15, 7.5], "texture": "#1"},
				"west": {"uv": [9, 0, 15, 7.5], "texture": "#1"},
				"up": {"uv": [9, 0, 15, 7.5], "texture": "#1"},
				"down": {"uv": [9, 0, 15, 7.5], "texture": "#1"}
			}
		},
		{
			"from": [0, 6, 0.1],
			"to": [1, 9.4, 0.2],
			"faces": {
				"north": {"uv": [9, 0, 15, 7.5], "texture": "#1"},
				"east": {"uv": [9, 0, 15, 7.5], "texture": "#1"},
				"south": {"uv": [9, 0, 15, 7.5], "texture": "#1"},
				"west": {"uv": [9, 0, 15, 7.5], "texture": "#1"},
				"up": {"uv": [9, 0, 15, 7.5], "texture": "#1"},
				"down": {"uv": [9, 0, 15, 7.5], "texture": "#1"}
			}
		},
		{
			"from": [0, 5.8, 0.2],
			"to": [1, 9.5, 0.3],
			"faces": {
				"north": {"uv": [9, 0, 15, 7.5], "texture": "#1"},
				"east": {"uv": [9, 0, 15, 7.5], "texture": "#1"},
				"south": {"uv": [9, 0, 15, 7.5], "texture": "#1"},
				"west": {"uv": [9, 0, 15, 7.5], "texture": "#1"},
				"up": {"uv": [9, 0, 15, 7.5], "texture": "#1"},
				"down": {"uv": [9, 0, 15, 7.5], "texture": "#1"}
			}
		},
		{
			"from": [0, 5.7, 0.3],
			"to": [1, 9.6, 0.4],
			"faces": {
				"north": {"uv": [9, 0, 15, 7.5], "texture": "#1"},
				"east": {"uv": [9, 0, 15, 7.5], "texture": "#1"},
				"south": {"uv": [9, 0, 15, 7.5], "texture": "#1"},
				"west": {"uv": [9, 0, 15, 7.5], "texture": "#1"},
				"up": {"uv": [9, 0, 15, 7.5], "texture": "#1"},
				"down": {"uv": [9, 0, 15, 7.5], "texture": "#1"}
			}
		},
		{
			"from": [0, 5.7, 0.7],
			"to": [1, 9.6, 0.8],
			"faces": {
				"north": {"uv": [9, 0, 15, 7.5], "texture": "#1"},
				"east": {"uv": [9, 0, 15, 7.5], "texture": "#1"},
				"south": {"uv": [9, 0, 15, 7.5], "texture": "#1"},
				"west": {"uv": [9, 0, 15, 7.5], "texture": "#1"},
				"up": {"uv": [9, 0, 15, 7.5], "texture": "#1"},
				"down": {"uv": [9, 0, 15, 7.5], "texture": "#1"}
			}
		},
		{
			"from": [0, 5.7, 0.8],
			"to": [1, 9.6, 0.9],
			"faces": {
				"north": {"uv": [9, 0, 15, 7.5], "texture": "#1"},
				"east": {"uv": [9, 0, 15, 7.5], "texture": "#1"},
				"south": {"uv": [9, 0, 15, 7.5], "texture": "#1"},
				"west": {"uv": [9, 0, 15, 7.5], "texture": "#1"},
				"up": {"uv": [9, 0, 15, 7.5], "texture": "#1"},
				"down": {"uv": [9, 0, 15, 7.5], "texture": "#1"}
			}
		},
		{
			"from": [0, 6.1, 1.2],
			"to": [1, 7.7, 1.3],
			"faces": {
				"north": {"uv": [9, 0, 15, 7.5], "texture": "#1"},
				"east": {"uv": [9, 0, 15, 7.5], "texture": "#1"},
				"south": {"uv": [9, 0, 15, 7.5], "texture": "#1"},
				"west": {"uv": [9, 0, 15, 7.5], "texture": "#1"},
				"up": {"uv": [9, 0, 15, 7.5], "texture": "#1"},
				"down": {"uv": [9, 0, 15, 7.5], "texture": "#1"}
			}
		},
		{
			"from": [0, 6.2, 1.3],
			"to": [1, 7.7, 1.4],
			"faces": {
				"north": {"uv": [9, 0, 15, 7.5], "texture": "#1"},
				"east": {"uv": [9, 0, 15, 7.5], "texture": "#1"},
				"south": {"uv": [9, 0, 15, 7.5], "texture": "#1"},
				"west": {"uv": [9, 0, 15, 7.5], "texture": "#1"},
				"up": {"uv": [9, 0, 15, 7.5], "texture": "#1"},
				"down": {"uv": [9, 0, 15, 7.5], "texture": "#1"}
			}
		},
		{
			"from": [0, 6.3, 1.4],
			"to": [1, 7.7, 1.5],
			"faces": {
				"north": {"uv": [9, 0, 15, 7.5], "texture": "#1"},
				"east": {"uv": [9, 0, 15, 7.5], "texture": "#1"},
				"south": {"uv": [9, 0, 15, 7.5], "texture": "#1"},
				"west": {"uv": [9, 0, 15, 7.5], "texture": "#1"},
				"up": {"uv": [9, 0, 15, 7.5], "texture": "#1"},
				"down": {"uv": [9, 0, 15, 7.5], "texture": "#1"}
			}
		},
		{
			"from": [0, 6.5, 1.5],
			"to": [1, 7.7, 1.6],
			"faces": {
				"north": {"uv": [9, 0, 15, 7.5], "texture": "#1"},
				"east": {"uv": [9, 0, 15, 7.5], "texture": "#1"},
				"south": {"uv": [9, 0, 15, 7.5], "texture": "#1"},
				"west": {"uv": [9, 0, 15, 7.5], "texture": "#1"},
				"up": {"uv": [9, 0, 15, 7.5], "texture": "#1"},
				"down": {"uv": [9, 0, 15, 7.5], "texture": "#1"}
			}
		},
		{
			"from": [0, 6.6, 1.6],
			"to": [1, 7.7, 1.7],
			"faces": {
				"north": {"uv": [9, 0, 15, 7.5], "texture": "#1"},
				"east": {"uv": [9, 0, 15, 7.5], "texture": "#1"},
				"south": {"uv": [9, 0, 15, 7.5], "texture": "#1"},
				"west": {"uv": [9, 0, 15, 7.5], "texture": "#1"},
				"up": {"uv": [9, 0, 15, 7.5], "texture": "#1"},
				"down": {"uv": [9, 0, 15, 7.5], "texture": "#1"}
			}
		},
		{
			"from": [0, 6.7, 1.7],
			"to": [1, 7.7, 1.8],
			"faces": {
				"north": {"uv": [9, 0, 15, 7.5], "texture": "#1"},
				"east": {"uv": [9, 0, 15, 7.5], "texture": "#1"},
				"south": {"uv": [9, 0, 15, 7.5], "texture": "#1"},
				"west": {"uv": [9, 0, 15, 7.5], "texture": "#1"},
				"up": {"uv": [9, 0, 15, 7.5], "texture": "#1"},
				"down": {"uv": [9, 0, 15, 7.5], "texture": "#1"}
			}
		},
		{
			"from": [0, 6.8, 1.8],
			"to": [1, 7.7, 1.9],
			"faces": {
				"north": {"uv": [9, 0, 15, 7.5], "texture": "#1"},
				"east": {"uv": [9, 0, 15, 7.5], "texture": "#1"},
				"south": {"uv": [9, 0, 15, 7.5], "texture": "#1"},
				"west": {"uv": [9, 0, 15, 7.5], "texture": "#1"},
				"up": {"uv": [9, 0, 15, 7.5], "texture": "#1"},
				"down": {"uv": [9, 0, 15, 7.5], "texture": "#1"}
			}
		},
		{
			"from": [0, 6.9, 1.9],
			"to": [1, 7.7, 2],
			"faces": {
				"north": {"uv": [9, 0, 15, 7.5], "texture": "#1"},
				"east": {"uv": [9, 0, 15, 7.5], "texture": "#1"},
				"south": {"uv": [9, 0, 15, 7.5], "texture": "#1"},
				"west": {"uv": [9, 0, 15, 7.5], "texture": "#1"},
				"up": {"uv": [9, 0, 15, 7.5], "texture": "#1"},
				"down": {"uv": [9, 0, 15, 7.5], "texture": "#1"}
			}
		},
		{
			"from": [0, 7, 2],
			"to": [1, 7.7, 2.1],
			"faces": {
				"north": {"uv": [9, 0, 15, 7.5], "texture": "#1"},
				"east": {"uv": [9, 0, 15, 7.5], "texture": "#1"},
				"south": {"uv": [9, 0, 15, 7.5], "texture": "#1"},
				"west": {"uv": [9, 0, 15, 7.5], "texture": "#1"},
				"up": {"uv": [9, 0, 15, 7.5], "texture": "#1"},
				"down": {"uv": [9, 0, 15, 7.5], "texture": "#1"}
			}
		},
		{
			"from": [0, 7.08787, 0.16213],
			"to": [1, 7.28787, 2.61213],
			"rotation": {"angle": -45, "axis": "x", "origin": [0.5, 7.13787, 2.26213]},
			"faces": {
				"north": {"uv": [9, 0, 15, 7.5], "rotation": 270, "texture": "#1"},
				"east": {"uv": [9, 0, 15, 7.5], "rotation": 270, "texture": "#1"},
				"south": {"uv": [9, 0, 15, 7.5], "rotation": 270, "texture": "#1"},
				"west": {"uv": [9, 0, 15, 7.5], "rotation": 270, "texture": "#1"},
				"up": {"uv": [9, 0, 15, 7.5], "rotation": 270, "texture": "#1"},
				"down": {"uv": [9, 0, 15, 7.5], "rotation": 270, "texture": "#1"}
			}
		},
		{
			"from": [0, 6.38787, 2.36213],
			"to": [1, 6.68787, 3.61213],
			"rotation": {"angle": -45, "axis": "x", "origin": [0.5, 7.13787, 2.26213]},
			"faces": {
				"north": {"uv": [9, 0, 15, 7.5], "rotation": 270, "texture": "#1"},
				"east": {"uv": [9, 0, 15, 7.5], "rotation": 270, "texture": "#1"},
				"south": {"uv": [9, 0, 15, 7.5], "rotation": 270, "texture": "#1"},
				"west": {"uv": [9, 0, 15, 7.5], "rotation": 270, "texture": "#1"},
				"up": {"uv": [9, 0, 15, 7.5], "rotation": 270, "texture": "#1"},
				"down": {"uv": [9, 0, 15, 7.5], "rotation": 270, "texture": "#1"}
			}
		},
		{
			"from": [0, 7.1, 2.1],
			"to": [1, 7.7, 2.2],
			"faces": {
				"north": {"uv": [9, 0, 15, 7.5], "texture": "#1"},
				"east": {"uv": [9, 0, 15, 7.5], "texture": "#1"},
				"south": {"uv": [9, 0, 15, 7.5], "texture": "#1"},
				"west": {"uv": [9, 0, 15, 7.5], "texture": "#1"},
				"up": {"uv": [9, 0, 15, 7.5], "texture": "#1"},
				"down": {"uv": [9, 0, 15, 7.5], "texture": "#1"}
			}
		},
		{
			"from": [0, 7.1, 2.2],
			"to": [1, 7.7, 2.3],
			"faces": {
				"north": {"uv": [9, 0, 15, 7.5], "texture": "#1"},
				"east": {"uv": [9, 0, 15, 7.5], "texture": "#1"},
				"south": {"uv": [9, 0, 15, 7.5], "texture": "#1"},
				"west": {"uv": [9, 0, 15, 7.5], "texture": "#1"},
				"up": {"uv": [9, 0, 15, 7.5], "texture": "#1"},
				"down": {"uv": [9, 0, 15, 7.5], "texture": "#1"}
			}
		},
		{
			"from": [0, 7.2, 2.3],
			"to": [1, 7.7, 2.4],
			"faces": {
				"north": {"uv": [9, 0, 15, 7.5], "texture": "#1"},
				"east": {"uv": [9, 0, 15, 7.5], "texture": "#1"},
				"south": {"uv": [9, 0, 15, 7.5], "texture": "#1"},
				"west": {"uv": [9, 0, 15, 7.5], "texture": "#1"},
				"up": {"uv": [9, 0, 15, 7.5], "texture": "#1"},
				"down": {"uv": [9, 0, 15, 7.5], "texture": "#1"}
			}
		},
		{
			"from": [0, 7.2, 2.4],
			"to": [1, 7.7, 2.5],
			"faces": {
				"north": {"uv": [9, 0, 15, 7.5], "texture": "#1"},
				"east": {"uv": [9, 0, 15, 7.5], "texture": "#1"},
				"south": {"uv": [9, 0, 15, 7.5], "texture": "#1"},
				"west": {"uv": [9, 0, 15, 7.5], "texture": "#1"},
				"up": {"uv": [9, 0, 15, 7.5], "texture": "#1"},
				"down": {"uv": [9, 0, 15, 7.5], "texture": "#1"}
			}
		},
		{
			"from": [0, 6.9, 2.7],
			"to": [1, 9.6, 2.8],
			"faces": {
				"north": {"uv": [9, 0, 15, 7.5], "texture": "#1"},
				"east": {"uv": [9, 0, 15, 7.5], "texture": "#1"},
				"south": {"uv": [9, 0, 15, 7.5], "texture": "#1"},
				"west": {"uv": [9, 0, 15, 7.5], "texture": "#1"},
				"up": {"uv": [9, 0, 15, 7.5], "texture": "#1"},
				"down": {"uv": [9, 0, 15, 7.5], "texture": "#1"}
			}
		},
		{
			"from": [0, 7, 2.8],
			"to": [1, 9.6, 2.9],
			"faces": {
				"north": {"uv": [9, 0, 15, 7.5], "texture": "#1"},
				"east": {"uv": [9, 0, 15, 7.5], "texture": "#1"},
				"south": {"uv": [9, 0, 15, 7.5], "texture": "#1"},
				"west": {"uv": [9, 0, 15, 7.5], "texture": "#1"},
				"up": {"uv": [9, 0, 15, 7.5], "texture": "#1"},
				"down": {"uv": [9, 0, 15, 7.5], "texture": "#1"}
			}
		},
		{
			"from": [0, 7.1, 2.9],
			"to": [1, 9.6, 3],
			"faces": {
				"north": {"uv": [9, 0, 15, 7.5], "texture": "#1"},
				"east": {"uv": [9, 0, 15, 7.5], "texture": "#1"},
				"south": {"uv": [9, 0, 15, 7.5], "texture": "#1"},
				"west": {"uv": [9, 0, 15, 7.5], "texture": "#1"},
				"up": {"uv": [9, 0, 15, 7.5], "texture": "#1"},
				"down": {"uv": [9, 0, 15, 7.5], "texture": "#1"}
			}
		},
		{
			"from": [0, 7.1, 3],
			"to": [1, 9.6, 3.1],
			"faces": {
				"north": {"uv": [9, 0, 15, 7.5], "texture": "#1"},
				"east": {"uv": [9, 0, 15, 7.5], "texture": "#1"},
				"south": {"uv": [9, 0, 15, 7.5], "texture": "#1"},
				"west": {"uv": [9, 0, 15, 7.5], "texture": "#1"},
				"up": {"uv": [9, 0, 15, 7.5], "texture": "#1"},
				"down": {"uv": [9, 0, 15, 7.5], "texture": "#1"}
			}
		},
		{
			"from": [0, 7.2, 3.1],
			"to": [1, 9.6, 3.2],
			"faces": {
				"north": {"uv": [9, 0, 15, 7.5], "texture": "#1"},
				"east": {"uv": [9, 0, 15, 7.5], "texture": "#1"},
				"south": {"uv": [9, 0, 15, 7.5], "texture": "#1"},
				"west": {"uv": [9, 0, 15, 7.5], "texture": "#1"},
				"up": {"uv": [9, 0, 15, 7.5], "texture": "#1"},
				"down": {"uv": [9, 0, 15, 7.5], "texture": "#1"}
			}
		},
		{
			"from": [0, 7.3, 3.2],
			"to": [1, 9.6, 3.3],
			"faces": {
				"north": {"uv": [9, 0, 15, 7.5], "texture": "#1"},
				"east": {"uv": [9, 0, 15, 7.5], "texture": "#1"},
				"south": {"uv": [9, 0, 15, 7.5], "texture": "#1"},
				"west": {"uv": [9, 0, 15, 7.5], "texture": "#1"},
				"up": {"uv": [9, 0, 15, 7.5], "texture": "#1"},
				"down": {"uv": [9, 0, 15, 7.5], "texture": "#1"}
			}
		},
		{
			"from": [0, 7.4, 3.3],
			"to": [1, 9.6, 3.5],
			"faces": {
				"north": {"uv": [9, 0, 15, 7.5], "texture": "#1"},
				"east": {"uv": [9, 0, 15, 7.5], "texture": "#1"},
				"south": {"uv": [9, 0, 15, 7.5], "texture": "#1"},
				"west": {"uv": [9, 0, 15, 7.5], "texture": "#1"},
				"up": {"uv": [9, 0, 15, 7.5], "texture": "#1"},
				"down": {"uv": [9, 0, 15, 7.5], "texture": "#1"}
			}
		},
		{
			"from": [0, 7.5, 3.5],
			"to": [1, 9.6, 3.6],
			"faces": {
				"north": {"uv": [9, 0, 15, 7.5], "texture": "#1"},
				"east": {"uv": [9, 0, 15, 7.5], "texture": "#1"},
				"south": {"uv": [9, 0, 15, 7.5], "texture": "#1"},
				"west": {"uv": [9, 0, 15, 7.5], "texture": "#1"},
				"up": {"uv": [9, 0, 15, 7.5], "texture": "#1"},
				"down": {"uv": [9, 0, 15, 7.5], "texture": "#1"}
			}
		},
		{
			"from": [0, 7.6, 3.6],
			"to": [1, 9.6, 4],
			"faces": {
				"north": {"uv": [9, 0, 15, 7.5], "texture": "#1"},
				"east": {"uv": [9, 0, 15, 7.5], "texture": "#1"},
				"south": {"uv": [9, 0, 15, 7.5], "texture": "#1"},
				"west": {"uv": [9, 0, 15, 7.5], "texture": "#1"},
				"up": {"uv": [9, 0, 15, 7.5], "texture": "#1"},
				"down": {"uv": [9, 0, 15, 7.5], "texture": "#1"}
			}
		},
		{
			"from": [0, 7.6, 4.4],
			"to": [1, 9.6, 4.9],
			"faces": {
				"north": {"uv": [9, 0, 15, 7.5], "texture": "#1"},
				"east": {"uv": [9, 0, 15, 7.5], "texture": "#1"},
				"south": {"uv": [9, 0, 15, 7.5], "texture": "#1"},
				"west": {"uv": [9, 0, 15, 7.5], "texture": "#1"},
				"up": {"uv": [9, 0, 15, 7.5], "texture": "#1"},
				"down": {"uv": [9, 0, 15, 7.5], "texture": "#1"}
			}
		},
		{
			"from": [0, 7.8, 4.9],
			"to": [1, 9.6, 5.3],
			"faces": {
				"north": {"uv": [9, 0, 15, 7.5], "texture": "#1"},
				"east": {"uv": [9, 0, 15, 7.5], "texture": "#1"},
				"south": {"uv": [9, 0, 15, 7.5], "texture": "#1"},
				"west": {"uv": [9, 0, 15, 7.5], "texture": "#1"},
				"up": {"uv": [9, 0, 15, 7.5], "texture": "#1"},
				"down": {"uv": [9, 0, 15, 7.5], "texture": "#1"}
			}
		},
		{
			"from": [0, 7.9, 5.3],
			"to": [1, 9.6, 5.4],
			"faces": {
				"north": {"uv": [9, 0, 15, 7.5], "texture": "#1"},
				"east": {"uv": [9, 0, 15, 7.5], "texture": "#1"},
				"south": {"uv": [9, 0, 15, 7.5], "texture": "#1"},
				"west": {"uv": [9, 0, 15, 7.5], "texture": "#1"},
				"up": {"uv": [9, 0, 15, 7.5], "texture": "#1"},
				"down": {"uv": [9, 0, 15, 7.5], "texture": "#1"}
			}
		},
		{
			"from": [0, 8, 5.4],
			"to": [1, 9.6, 5.5],
			"faces": {
				"north": {"uv": [9, 0, 15, 7.5], "texture": "#1"},
				"east": {"uv": [9, 0, 15, 7.5], "texture": "#1"},
				"south": {"uv": [9, 0, 15, 7.5], "texture": "#1"},
				"west": {"uv": [9, 0, 15, 7.5], "texture": "#1"},
				"up": {"uv": [9, 0, 15, 7.5], "texture": "#1"},
				"down": {"uv": [9, 0, 15, 7.5], "texture": "#1"}
			}
		},
		{
			"from": [0, 8, 5.5],
			"to": [1, 9.6, 5.6],
			"faces": {
				"north": {"uv": [9, 0, 15, 7.5], "texture": "#1"},
				"east": {"uv": [9, 0, 15, 7.5], "texture": "#1"},
				"south": {"uv": [9, 0, 15, 7.5], "texture": "#1"},
				"west": {"uv": [9, 0, 15, 7.5], "texture": "#1"},
				"up": {"uv": [9, 0, 15, 7.5], "texture": "#1"},
				"down": {"uv": [9, 0, 15, 7.5], "texture": "#1"}
			}
		},
		{
			"from": [0, 8.1, 5.6],
			"to": [1, 9.6, 5.7],
			"faces": {
				"north": {"uv": [9, 0, 15, 7.5], "texture": "#1"},
				"east": {"uv": [9, 0, 15, 7.5], "texture": "#1"},
				"south": {"uv": [9, 0, 15, 7.5], "texture": "#1"},
				"west": {"uv": [9, 0, 15, 7.5], "texture": "#1"},
				"up": {"uv": [9, 0, 15, 7.5], "texture": "#1"},
				"down": {"uv": [9, 0, 15, 7.5], "texture": "#1"}
			}
		},
		{
			"from": [0, 8.1, 5.7],
			"to": [1, 9.6, 5.8],
			"faces": {
				"north": {"uv": [9, 0, 15, 7.5], "texture": "#1"},
				"east": {"uv": [9, 0, 15, 7.5], "texture": "#1"},
				"south": {"uv": [9, 0, 15, 7.5], "texture": "#1"},
				"west": {"uv": [9, 0, 15, 7.5], "texture": "#1"},
				"up": {"uv": [9, 0, 15, 7.5], "texture": "#1"},
				"down": {"uv": [9, 0, 15, 7.5], "texture": "#1"}
			}
		},
		{
			"from": [0, 8.6, 5.8],
			"to": [1, 9.6, 6.3],
			"faces": {
				"north": {"uv": [9, 0, 15, 7.5], "texture": "#1"},
				"east": {"uv": [9, 0, 15, 7.5], "texture": "#1"},
				"south": {"uv": [9, 0, 15, 7.5], "texture": "#1"},
				"west": {"uv": [9, 0, 15, 7.5], "texture": "#1"},
				"up": {"uv": [9, 0, 15, 7.5], "texture": "#1"},
				"down": {"uv": [9, 0, 15, 7.5], "texture": "#1"}
			}
		},
		{
			"from": [0, 8.1, 6.3],
			"to": [1, 9.6, 11.8],
			"faces": {
				"north": {"uv": [9, 0, 15, 7.5], "texture": "#1"},
				"east": {"uv": [9, 0, 15, 7.5], "texture": "#1"},
				"south": {"uv": [9, 0, 15, 7.5], "texture": "#1"},
				"west": {"uv": [9, 0, 15, 7.5], "texture": "#1"},
				"up": {"uv": [9, 0, 15, 7.5], "texture": "#1"},
				"down": {"uv": [9, 0, 15, 7.5], "texture": "#1"}
			}
		},
		{
			"from": [0, 9.6, 6],
			"to": [1, 9.7, 12.4],
			"faces": {
				"north": {"uv": [9, 0, 15, 7.5], "texture": "#1"},
				"east": {"uv": [9, 0, 15, 7.5], "texture": "#1"},
				"south": {"uv": [9, 0, 15, 7.5], "texture": "#1"},
				"west": {"uv": [9, 0, 15, 7.5], "texture": "#1"},
				"up": {"uv": [9, 0, 15, 7.5], "texture": "#1"},
				"down": {"uv": [9, 0, 15, 7.5], "texture": "#1"}
			}
		},
		{
			"from": [0, 9.7, 6.5],
			"to": [1, 9.8, 12.4],
			"faces": {
				"north": {"uv": [9, 0, 15, 7.5], "texture": "#1"},
				"east": {"uv": [9, 0, 15, 7.5], "texture": "#1"},
				"south": {"uv": [9, 0, 15, 7.5], "texture": "#1"},
				"west": {"uv": [9, 0, 15, 7.5], "texture": "#1"},
				"up": {"uv": [9, 0, 15, 7.5], "texture": "#1"},
				"down": {"uv": [9, 0, 15, 7.5], "texture": "#1"}
			}
		},
		{
			"from": [0, 9.8, 6.6],
			"to": [1, 9.9, 12.2],
			"faces": {
				"north": {"uv": [9, 0, 15, 7.5], "texture": "#1"},
				"east": {"uv": [9, 0, 15, 7.5], "texture": "#1"},
				"south": {"uv": [9, 0, 15, 7.5], "texture": "#1"},
				"west": {"uv": [9, 0, 15, 7.5], "texture": "#1"},
				"up": {"uv": [9, 0, 15, 7.5], "texture": "#1"},
				"down": {"uv": [9, 0, 15, 7.5], "texture": "#1"}
			}
		},
		{
			"from": [0, 9.9, 6.6],
			"to": [1, 10, 12.2],
			"faces": {
				"north": {"uv": [9, 0, 15, 7.5], "texture": "#1"},
				"east": {"uv": [9, 0, 15, 7.5], "texture": "#1"},
				"south": {"uv": [9, 0, 15, 7.5], "texture": "#1"},
				"west": {"uv": [9, 0, 15, 7.5], "texture": "#1"},
				"up": {"uv": [9, 0, 15, 7.5], "texture": "#1"},
				"down": {"uv": [9, 0, 15, 7.5], "texture": "#1"}
			}
		},
		{
			"from": [0, 10, 6.6],
			"to": [1, 10.1, 12.2],
			"faces": {
				"north": {"uv": [9, 0, 15, 7.5], "texture": "#1"},
				"east": {"uv": [9, 0, 15, 7.5], "texture": "#1"},
				"south": {"uv": [9, 0, 15, 7.5], "texture": "#1"},
				"west": {"uv": [9, 0, 15, 7.5], "texture": "#1"},
				"up": {"uv": [9, 0, 15, 7.5], "texture": "#1"},
				"down": {"uv": [9, 0, 15, 7.5], "texture": "#1"}
			}
		},
		{
			"from": [0, 10.1, 6.6],
			"to": [1, 10.2, 12.2],
			"faces": {
				"north": {"uv": [9, 0, 15, 7.5], "texture": "#1"},
				"east": {"uv": [9, 0, 15, 7.5], "texture": "#1"},
				"south": {"uv": [9, 0, 15, 7.5], "texture": "#1"},
				"west": {"uv": [9, 0, 15, 7.5], "texture": "#1"},
				"up": {"uv": [9, 0, 15, 7.5], "texture": "#1"},
				"down": {"uv": [9, 0, 15, 7.5], "texture": "#1"}
			}
		},
		{
			"from": [0, 10.2, 6.6],
			"to": [1, 10.3, 12.2],
			"faces": {
				"north": {"uv": [9, 0, 15, 7.5], "texture": "#1"},
				"east": {"uv": [9, 0, 15, 7.5], "texture": "#1"},
				"south": {"uv": [9, 0, 15, 7.5], "texture": "#1"},
				"west": {"uv": [9, 0, 15, 7.5], "texture": "#1"},
				"up": {"uv": [9, 0, 15, 7.5], "texture": "#1"},
				"down": {"uv": [9, 0, 15, 7.5], "texture": "#1"}
			}
		},
		{
			"from": [0.4, 10.3, 11.5],
			"to": [0.6, 10.4, 12.2],
			"faces": {
				"north": {"uv": [9, 0, 15, 7.5], "texture": "#1"},
				"east": {"uv": [9, 0, 15, 7.5], "texture": "#1"},
				"south": {"uv": [9, 0, 15, 7.5], "texture": "#1"},
				"west": {"uv": [9, 0, 15, 7.5], "texture": "#1"},
				"up": {"uv": [9, 0, 15, 7.5], "texture": "#1"},
				"down": {"uv": [9, 0, 15, 7.5], "texture": "#1"}
			}
		},
		{
			"from": [0, 8.8, 11.8],
			"to": [1, 9.6, 12.4],
			"faces": {
				"north": {"uv": [9, 0, 15, 7.5], "texture": "#1"},
				"east": {"uv": [9, 0, 15, 7.5], "texture": "#1"},
				"south": {"uv": [9, 0, 15, 7.5], "texture": "#1"},
				"west": {"uv": [9, 0, 15, 7.5], "texture": "#1"},
				"up": {"uv": [9, 0, 15, 7.5], "texture": "#1"},
				"down": {"uv": [9, 0, 15, 7.5], "texture": "#1"}
			}
		},
		{
			"from": [0, 8.7, 11.8],
			"to": [1, 8.8, 12.3],
			"faces": {
				"north": {"uv": [9, 0, 15, 7.5], "texture": "#1"},
				"east": {"uv": [9, 0, 15, 7.5], "texture": "#1"},
				"south": {"uv": [9, 0, 15, 7.5], "texture": "#1"},
				"west": {"uv": [9, 0, 15, 7.5], "texture": "#1"},
				"up": {"uv": [9, 0, 15, 7.5], "texture": "#1"},
				"down": {"uv": [9, 0, 15, 7.5], "texture": "#1"}
			}
		},
		{
			"from": [0, 8.3, 11.8],
			"to": [1, 8.4, 12.2],
			"faces": {
				"north": {"uv": [9, 0, 15, 7.5], "texture": "#1"},
				"east": {"uv": [9, 0, 15, 7.5], "texture": "#1"},
				"south": {"uv": [9, 0, 15, 7.5], "texture": "#1"},
				"west": {"uv": [9, 0, 15, 7.5], "texture": "#1"},
				"up": {"uv": [9, 0, 15, 7.5], "texture": "#1"},
				"down": {"uv": [9, 0, 15, 7.5], "texture": "#1"}
			}
		},
		{
			"from": [0, 8.4, 12.4],
			"to": [1, 10, 12.6],
			"faces": {
				"north": {"uv": [9, 0, 15, 7.5], "texture": "#1"},
				"east": {"uv": [9, 0, 15, 7.5], "texture": "#1"},
				"south": {"uv": [9, 0, 15, 7.5], "texture": "#1"},
				"west": {"uv": [9, 0, 15, 7.5], "texture": "#1"},
				"up": {"uv": [9, 0, 15, 7.5], "texture": "#1"},
				"down": {"uv": [9, 0, 15, 7.5], "texture": "#1"}
			}
		},
		{
			"from": [0, 8.5, 12.6],
			"to": [1, 9.9, 12.8],
			"faces": {
				"north": {"uv": [9, 0, 15, 7.5], "texture": "#1"},
				"east": {"uv": [9, 0, 15, 7.5], "texture": "#1"},
				"south": {"uv": [9, 0, 15, 7.5], "texture": "#1"},
				"west": {"uv": [9, 0, 15, 7.5], "texture": "#1"},
				"up": {"uv": [9, 0, 15, 7.5], "texture": "#1"},
				"down": {"uv": [9, 0, 15, 7.5], "texture": "#1"}
			}
		},
		{
			"from": [0, 8.5, 12.8],
			"to": [1, 9.9, 12.9],
			"faces": {
				"north": {"uv": [9, 0, 15, 7.5], "texture": "#1"},
				"east": {"uv": [9, 0, 15, 7.5], "texture": "#1"},
				"south": {"uv": [9, 0, 15, 7.5], "texture": "#1"},
				"west": {"uv": [9, 0, 15, 7.5], "texture": "#1"},
				"up": {"uv": [9, 0, 15, 7.5], "texture": "#1"},
				"down": {"uv": [9, 0, 15, 7.5], "texture": "#1"}
			}
		},
		{
			"from": [0.3, 9.8, 17.8],
			"to": [0.7, 10, 17.9],
			"faces": {
				"north": {"uv": [9, 0, 15, 7.5], "texture": "#1"},
				"east": {"uv": [9, 0, 15, 7.5], "texture": "#1"},
				"south": {"uv": [9, 0, 15, 7.5], "texture": "#1"},
				"west": {"uv": [9, 0, 15, 7.5], "texture": "#1"},
				"up": {"uv": [9, 0, 15, 7.5], "texture": "#1"},
				"down": {"uv": [9, 0, 15, 7.5], "texture": "#1"}
			}
		},
		{
			"from": [0.3, 9.8, 17.9],
			"to": [0.7, 10.1, 18],
			"faces": {
				"north": {"uv": [9, 0, 15, 7.5], "texture": "#1"},
				"east": {"uv": [9, 0, 15, 7.5], "texture": "#1"},
				"south": {"uv": [9, 0, 15, 7.5], "texture": "#1"},
				"west": {"uv": [9, 0, 15, 7.5], "texture": "#1"},
				"up": {"uv": [9, 0, 15, 7.5], "texture": "#1"},
				"down": {"uv": [9, 0, 15, 7.5], "texture": "#1"}
			}
		},
		{
			"from": [0.3, 9.8, 18],
			"to": [0.7, 10.2, 18.1],
			"faces": {
				"north": {"uv": [9, 0, 15, 7.5], "texture": "#1"},
				"east": {"uv": [9, 0, 15, 7.5], "texture": "#1"},
				"south": {"uv": [9, 0, 15, 7.5], "texture": "#1"},
				"west": {"uv": [9, 0, 15, 7.5], "texture": "#1"},
				"up": {"uv": [9, 0, 15, 7.5], "texture": "#1"},
				"down": {"uv": [9, 0, 15, 7.5], "texture": "#1"}
			}
		},
		{
			"from": [0.3, 10.1, 18.1],
			"to": [0.7, 10.4, 18.2],
			"faces": {
				"north": {"uv": [9, 0, 15, 7.5], "texture": "#1"},
				"east": {"uv": [9, 0, 15, 7.5], "texture": "#1"},
				"south": {"uv": [9, 0, 15, 7.5], "texture": "#1"},
				"west": {"uv": [9, 0, 15, 7.5], "texture": "#1"},
				"up": {"uv": [9, 0, 15, 7.5], "texture": "#1"},
				"down": {"uv": [9, 0, 15, 7.5], "texture": "#1"}
			}
		},
		{
			"from": [0.3, 10.2, 18.2],
			"to": [0.7, 10.5, 18.3],
			"faces": {
				"north": {"uv": [9, 0, 15, 7.5], "texture": "#1"},
				"east": {"uv": [9, 0, 15, 7.5], "texture": "#1"},
				"south": {"uv": [9, 0, 15, 7.5], "texture": "#1"},
				"west": {"uv": [9, 0, 15, 7.5], "texture": "#1"},
				"up": {"uv": [9, 0, 15, 7.5], "texture": "#1"},
				"down": {"uv": [9, 0, 15, 7.5], "texture": "#1"}
			}
		},
		{
			"from": [0.3, 10.3, 18.3],
			"to": [0.7, 10.6, 18.4],
			"faces": {
				"north": {"uv": [9, 0, 15, 7.5], "texture": "#1"},
				"east": {"uv": [9, 0, 15, 7.5], "texture": "#1"},
				"south": {"uv": [9, 0, 15, 7.5], "texture": "#1"},
				"west": {"uv": [9, 0, 15, 7.5], "texture": "#1"},
				"up": {"uv": [9, 0, 15, 7.5], "texture": "#1"},
				"down": {"uv": [9, 0, 15, 7.5], "texture": "#1"}
			}
		},
		{
			"from": [0.3, 10.5, 18.4],
			"to": [0.7, 10.8, 18.5],
			"faces": {
				"north": {"uv": [9, 0, 15, 7.5], "texture": "#1"},
				"east": {"uv": [9, 0, 15, 7.5], "texture": "#1"},
				"south": {"uv": [9, 0, 15, 7.5], "texture": "#1"},
				"west": {"uv": [9, 0, 15, 7.5], "texture": "#1"},
				"up": {"uv": [9, 0, 15, 7.5], "texture": "#1"},
				"down": {"uv": [9, 0, 15, 7.5], "texture": "#1"}
			}
		},
		{
			"from": [0.3, 10.6, 18.5],
			"to": [0.7, 10.9, 18.6],
			"faces": {
				"north": {"uv": [9, 0, 15, 7.5], "texture": "#1"},
				"east": {"uv": [9, 0, 15, 7.5], "texture": "#1"},
				"south": {"uv": [9, 0, 15, 7.5], "texture": "#1"},
				"west": {"uv": [9, 0, 15, 7.5], "texture": "#1"},
				"up": {"uv": [9, 0, 15, 7.5], "texture": "#1"},
				"down": {"uv": [9, 0, 15, 7.5], "texture": "#1"}
			}
		},
		{
			"from": [0.3, 11, 18.7],
			"to": [0.7, 11.1, 19.1],
			"faces": {
				"north": {"uv": [9, 0, 15, 7.5], "texture": "#1"},
				"east": {"uv": [9, 0, 15, 7.5], "texture": "#1"},
				"south": {"uv": [9, 0, 15, 7.5], "texture": "#1"},
				"west": {"uv": [9, 0, 15, 7.5], "texture": "#1"},
				"up": {"uv": [9, 0, 15, 7.5], "texture": "#1"},
				"down": {"uv": [9, 0, 15, 7.5], "texture": "#1"}
			}
		},
		{
			"from": [0.3, 11.1, 18.9],
			"to": [0.7, 11.2, 19.1],
			"faces": {
				"north": {"uv": [9, 0, 15, 7.5], "texture": "#1"},
				"east": {"uv": [9, 0, 15, 7.5], "texture": "#1"},
				"south": {"uv": [9, 0, 15, 7.5], "texture": "#1"},
				"west": {"uv": [9, 0, 15, 7.5], "texture": "#1"},
				"up": {"uv": [9, 0, 15, 7.5], "texture": "#1"},
				"down": {"uv": [9, 0, 15, 7.5], "texture": "#1"}
			}
		},
		{
			"from": [0.3, 10.7, 18.6],
			"to": [0.7, 11, 19.2],
			"faces": {
				"north": {"uv": [9, 0, 15, 7.5], "texture": "#1"},
				"east": {"uv": [9, 0, 15, 7.5], "texture": "#1"},
				"south": {"uv": [9, 0, 15, 7.5], "texture": "#1"},
				"west": {"uv": [9, 0, 15, 7.5], "texture": "#1"},
				"up": {"uv": [9, 0, 15, 7.5], "texture": "#1"},
				"down": {"uv": [9, 0, 15, 7.5], "texture": "#1"}
			}
		},
		{
			"from": [0.3, 10.6, 18.6],
			"to": [0.7, 10.7, 19.2],
			"faces": {
				"north": {"uv": [9, 0, 15, 7.5], "texture": "#1"},
				"east": {"uv": [9, 0, 15, 7.5], "texture": "#1"},
				"south": {"uv": [9, 0, 15, 7.5], "texture": "#1"},
				"west": {"uv": [9, 0, 15, 7.5], "texture": "#1"},
				"up": {"uv": [9, 0, 15, 7.5], "texture": "#1"},
				"down": {"uv": [9, 0, 15, 7.5], "texture": "#1"}
			}
		},
		{
			"from": [0.3, 10.4, 18.8],
			"to": [0.7, 10.6, 19.2],
			"faces": {
				"north": {"uv": [9, 0, 15, 7.5], "texture": "#1"},
				"east": {"uv": [9, 0, 15, 7.5], "texture": "#1"},
				"south": {"uv": [9, 0, 15, 7.5], "texture": "#1"},
				"west": {"uv": [9, 0, 15, 7.5], "texture": "#1"},
				"up": {"uv": [9, 0, 15, 7.5], "texture": "#1"},
				"down": {"uv": [9, 0, 15, 7.5], "texture": "#1"}
			}
		},
		{
			"from": [0.3, 10.3, 18.9],
			"to": [0.7, 10.4, 19.2],
			"faces": {
				"north": {"uv": [9, 0, 15, 7.5], "texture": "#1"},
				"east": {"uv": [9, 0, 15, 7.5], "texture": "#1"},
				"south": {"uv": [9, 0, 15, 7.5], "texture": "#1"},
				"west": {"uv": [9, 0, 15, 7.5], "texture": "#1"},
				"up": {"uv": [9, 0, 15, 7.5], "texture": "#1"},
				"down": {"uv": [9, 0, 15, 7.5], "texture": "#1"}
			}
		},
		{
			"from": [0.3, 8.5, 19],
			"to": [0.7, 10.3, 19.2],
			"faces": {
				"north": {"uv": [9, 0, 15, 7.5], "texture": "#1"},
				"east": {"uv": [9, 0, 15, 7.5], "texture": "#1"},
				"south": {"uv": [9, 0, 15, 7.5], "texture": "#1"},
				"west": {"uv": [9, 0, 15, 7.5], "texture": "#1"},
				"up": {"uv": [9, 0, 15, 7.5], "texture": "#1"},
				"down": {"uv": [9, 0, 15, 7.5], "texture": "#1"}
			}
		},
		{
			"from": [0.4, 9.6, 18.2],
			"to": [0.6, 9.8, 19],
			"faces": {
				"north": {"uv": [9, 0, 15, 7.5], "texture": "#1"},
				"east": {"uv": [9, 0, 15, 7.5], "texture": "#1"},
				"south": {"uv": [9, 0, 15, 7.5], "texture": "#1"},
				"west": {"uv": [9, 0, 15, 7.5], "texture": "#1"},
				"up": {"uv": [9, 0, 15, 7.5], "texture": "#1"},
				"down": {"uv": [9, 0, 15, 7.5], "texture": "#1"}
			}
		},
		{
			"from": [0, 8.4, 12.9],
			"to": [1, 10, 13],
			"faces": {
				"north": {"uv": [9, 0, 15, 7.5], "texture": "#1"},
				"east": {"uv": [9, 0, 15, 7.5], "texture": "#1"},
				"south": {"uv": [9, 0, 15, 7.5], "texture": "#1"},
				"west": {"uv": [9, 0, 15, 7.5], "texture": "#1"},
				"up": {"uv": [9, 0, 15, 7.5], "texture": "#1"},
				"down": {"uv": [9, 0, 15, 7.5], "texture": "#1"}
			}
		},
		{
			"from": [0, 8.2, 13],
			"to": [1, 10.2, 17.6],
			"faces": {
				"north": {"uv": [9, 0, 15, 7.5], "texture": "#1"},
				"east": {"uv": [9, 0, 15, 7.5], "texture": "#1"},
				"south": {"uv": [9, 0, 15, 7.5], "texture": "#1"},
				"west": {"uv": [9, 0, 15, 7.5], "texture": "#1"},
				"up": {"uv": [9, 0, 15, 7.5], "texture": "#1"},
				"down": {"uv": [9, 0, 15, 7.5], "texture": "#1"}
			}
		},
		{
			"from": [0, 8.2, 13],
			"to": [1, 10.2, 17.6],
			"rotation": {"angle": 45, "axis": "z", "origin": [0.5, 9.2, 15.3]},
			"faces": {
				"north": {"uv": [9, 0, 15, 7.5], "texture": "#1"},
				"east": {"uv": [9, 0, 15, 7.5], "texture": "#1"},
				"south": {"uv": [9, 0, 15, 7.5], "texture": "#1"},
				"west": {"uv": [9, 0, 15, 7.5], "texture": "#1"},
				"up": {"uv": [9, 0, 15, 7.5], "texture": "#1"},
				"down": {"uv": [9, 0, 15, 7.5], "texture": "#1"}
			}
		},
		{
			"from": [-0.5, 8.7, 13],
			"to": [1.5, 9.7, 17.6],
			"rotation": {"angle": 0, "axis": "z", "origin": [0.5, 9.2, 15.3]},
			"faces": {
				"north": {"uv": [9, 0, 15, 7.5], "rotation": 270, "texture": "#1"},
				"east": {"uv": [9, 0, 15, 7.5], "rotation": 270, "texture": "#1"},
				"south": {"uv": [9, 0, 15, 7.5], "rotation": 270, "texture": "#1"},
				"west": {"uv": [9, 0, 15, 7.5], "rotation": 270, "texture": "#1"},
				"up": {"uv": [9, 0, 15, 7.5], "rotation": 270, "texture": "#1"},
				"down": {"uv": [9, 0, 15, 7.5], "rotation": 270, "texture": "#1"}
			}
		},
		{
			"from": [-0.5, 8.7, 13],
			"to": [1.5, 9.7, 17.6],
			"rotation": {"angle": 45, "axis": "z", "origin": [0.5, 9.2, 15.3]},
			"faces": {
				"north": {"uv": [9, 0, 15, 7.5], "rotation": 270, "texture": "#1"},
				"east": {"uv": [9, 0, 15, 7.5], "rotation": 270, "texture": "#1"},
				"south": {"uv": [9, 0, 15, 7.5], "rotation": 270, "texture": "#1"},
				"west": {"uv": [9, 0, 15, 7.5], "rotation": 270, "texture": "#1"},
				"up": {"uv": [9, 0, 15, 7.5], "rotation": 270, "texture": "#1"},
				"down": {"uv": [9, 0, 15, 7.5], "rotation": 270, "texture": "#1"}
			}
		},
		{
			"from": [0, 8.2, 11.8],
			"to": [1, 8.3, 12],
			"faces": {
				"north": {"uv": [9, 0, 15, 7.5], "texture": "#1"},
				"east": {"uv": [9, 0, 15, 7.5], "texture": "#1"},
				"south": {"uv": [9, 0, 15, 7.5], "texture": "#1"},
				"west": {"uv": [9, 0, 15, 7.5], "texture": "#1"},
				"up": {"uv": [9, 0, 15, 7.5], "texture": "#1"},
				"down": {"uv": [9, 0, 15, 7.5], "texture": "#1"}
			}
		},
		{
			"from": [0, 8, 6.6],
			"to": [1, 8.1, 11.9],
			"faces": {
				"north": {"uv": [9, 0, 15, 7.5], "texture": "#1"},
				"east": {"uv": [9, 0, 15, 7.5], "texture": "#1"},
				"south": {"uv": [9, 0, 15, 7.5], "texture": "#1"},
				"west": {"uv": [9, 0, 15, 7.5], "texture": "#1"},
				"up": {"uv": [9, 0, 15, 7.5], "texture": "#1"},
				"down": {"uv": [9, 0, 15, 7.5], "texture": "#1"}
			}
		},
		{
			"from": [0, 7.9, 6.8],
			"to": [1, 8, 11.9],
			"faces": {
				"north": {"uv": [9, 0, 15, 7.5], "texture": "#1"},
				"east": {"uv": [9, 0, 15, 7.5], "texture": "#1"},
				"south": {"uv": [9, 0, 15, 7.5], "texture": "#1"},
				"west": {"uv": [9, 0, 15, 7.5], "texture": "#1"},
				"up": {"uv": [9, 0, 15, 7.5], "texture": "#1"},
				"down": {"uv": [9, 0, 15, 7.5], "texture": "#1"}
			}
		},
		{
			"from": [0, 7.8, 7],
			"to": [1, 7.9, 11.9],
			"faces": {
				"north": {"uv": [9, 0, 15, 7.5], "texture": "#1"},
				"east": {"uv": [9, 0, 15, 7.5], "texture": "#1"},
				"south": {"uv": [9, 0, 15, 7.5], "texture": "#1"},
				"west": {"uv": [9, 0, 15, 7.5], "texture": "#1"},
				"up": {"uv": [9, 0, 15, 7.5], "texture": "#1"},
				"down": {"uv": [9, 0, 15, 7.5], "texture": "#1"}
			}
		},
		{
			"from": [0, 7.7, 7],
			"to": [1, 7.8, 11.9],
			"faces": {
				"north": {"uv": [9, 0, 15, 7.5], "texture": "#1"},
				"east": {"uv": [9, 0, 15, 7.5], "texture": "#1"},
				"south": {"uv": [9, 0, 15, 7.5], "texture": "#1"},
				"west": {"uv": [9, 0, 15, 7.5], "texture": "#1"},
				"up": {"uv": [9, 0, 15, 7.5], "texture": "#1"},
				"down": {"uv": [9, 0, 15, 7.5], "texture": "#1"}
			}
		},
		{
			"from": [0, 7.6, 9.5],
			"to": [1, 7.7, 11.9],
			"faces": {
				"north": {"uv": [9, 0, 15, 7.5], "texture": "#1"},
				"east": {"uv": [9, 0, 15, 7.5], "texture": "#1"},
				"south": {"uv": [9, 0, 15, 7.5], "texture": "#1"},
				"west": {"uv": [9, 0, 15, 7.5], "texture": "#1"},
				"up": {"uv": [9, 0, 15, 7.5], "texture": "#1"},
				"down": {"uv": [9, 0, 15, 7.5], "texture": "#1"}
			}
		},
		{
			"from": [0, 7.5, 9.7],
			"to": [1, 7.6, 11.9],
			"faces": {
				"north": {"uv": [9, 0, 15, 7.5], "texture": "#1"},
				"east": {"uv": [9, 0, 15, 7.5], "texture": "#1"},
				"south": {"uv": [9, 0, 15, 7.5], "texture": "#1"},
				"west": {"uv": [9, 0, 15, 7.5], "texture": "#1"},
				"up": {"uv": [9, 0, 15, 7.5], "texture": "#1"},
				"down": {"uv": [9, 0, 15, 7.5], "texture": "#1"}
			}
		},
		{
			"from": [0, 7.2, 9.8],
			"to": [1, 7.5, 11.9],
			"faces": {
				"north": {"uv": [9, 0, 15, 7.5], "texture": "#1"},
				"east": {"uv": [9, 0, 15, 7.5], "texture": "#1"},
				"south": {"uv": [9, 0, 15, 7.5], "texture": "#1"},
				"west": {"uv": [9, 0, 15, 7.5], "texture": "#1"},
				"up": {"uv": [9, 0, 15, 7.5], "texture": "#1"},
				"down": {"uv": [9, 0, 15, 7.5], "texture": "#1"}
			}
		},
		{
			"from": [0, 7.1, 9.7],
			"to": [1, 7.2, 11.8],
			"faces": {
				"north": {"uv": [9, 0, 15, 7.5], "texture": "#1"},
				"east": {"uv": [9, 0, 15, 7.5], "texture": "#1"},
				"south": {"uv": [9, 0, 15, 7.5], "texture": "#1"},
				"west": {"uv": [9, 0, 15, 7.5], "texture": "#1"},
				"up": {"uv": [9, 0, 15, 7.5], "texture": "#1"},
				"down": {"uv": [9, 0, 15, 7.5], "texture": "#1"}
			}
		},
		{
			"from": [0, 7, 9.7],
			"to": [1, 7.1, 11.4],
			"faces": {
				"north": {"uv": [9, 0, 15, 7.5], "texture": "#1"},
				"east": {"uv": [9, 0, 15, 7.5], "texture": "#1"},
				"south": {"uv": [9, 0, 15, 7.5], "texture": "#1"},
				"west": {"uv": [9, 0, 15, 7.5], "texture": "#1"},
				"up": {"uv": [9, 0, 15, 7.5], "texture": "#1"},
				"down": {"uv": [9, 0, 15, 7.5], "texture": "#1"}
			}
		},
		{
			"from": [0, 6.9, 9.6],
			"to": [1, 7, 10.9],
			"faces": {
				"north": {"uv": [9, 0, 15, 7.5], "texture": "#1"},
				"east": {"uv": [9, 0, 15, 7.5], "texture": "#1"},
				"south": {"uv": [9, 0, 15, 7.5], "texture": "#1"},
				"west": {"uv": [9, 0, 15, 7.5], "texture": "#1"},
				"up": {"uv": [9, 0, 15, 7.5], "texture": "#1"},
				"down": {"uv": [9, 0, 15, 7.5], "texture": "#1"}
			}
		},
		{
			"from": [0, 6.8, 9.6],
			"to": [1, 6.9, 10.3],
			"faces": {
				"north": {"uv": [9, 0, 15, 7.5], "texture": "#1"},
				"east": {"uv": [9, 0, 15, 7.5], "texture": "#1"},
				"south": {"uv": [9, 0, 15, 7.5], "texture": "#1"},
				"west": {"uv": [9, 0, 15, 7.5], "texture": "#1"},
				"up": {"uv": [9, 0, 15, 7.5], "texture": "#1"},
				"down": {"uv": [9, 0, 15, 7.5], "texture": "#1"}
			}
		},
		{
			"from": [0, 6.8, 6.7],
			"to": [1, 6.9, 8.6],
			"faces": {
				"north": {"uv": [9, 0, 15, 7.5], "texture": "#1"},
				"east": {"uv": [9, 0, 15, 7.5], "texture": "#1"},
				"south": {"uv": [9, 0, 15, 7.5], "texture": "#1"},
				"west": {"uv": [9, 0, 15, 7.5], "texture": "#1"},
				"up": {"uv": [9, 0, 15, 7.5], "texture": "#1"},
				"down": {"uv": [9, 0, 15, 7.5], "texture": "#1"}
			}
		},
		{
			"from": [0, 6.9, 6.8],
			"to": [1, 7, 8.5],
			"faces": {
				"north": {"uv": [9, 0, 15, 7.5], "texture": "#1"},
				"east": {"uv": [9, 0, 15, 7.5], "texture": "#1"},
				"south": {"uv": [9, 0, 15, 7.5], "texture": "#1"},
				"west": {"uv": [9, 0, 15, 7.5], "texture": "#1"},
				"up": {"uv": [9, 0, 15, 7.5], "texture": "#1"},
				"down": {"uv": [9, 0, 15, 7.5], "texture": "#1"}
			}
		},
		{
			"from": [0, 7, 6.9],
			"to": [1, 7.1, 8.4],
			"faces": {
				"north": {"uv": [9, 0, 15, 7.5], "texture": "#1"},
				"east": {"uv": [9, 0, 15, 7.5], "texture": "#1"},
				"south": {"uv": [9, 0, 15, 7.5], "texture": "#1"},
				"west": {"uv": [9, 0, 15, 7.5], "texture": "#1"},
				"up": {"uv": [9, 0, 15, 7.5], "texture": "#1"},
				"down": {"uv": [9, 0, 15, 7.5], "texture": "#1"}
			}
		},
		{
			"from": [0, 7.4, 8.3],
			"to": [1, 7.5, 8.4],
			"faces": {
				"north": {"uv": [9, 0, 15, 7.5], "texture": "#1"},
				"east": {"uv": [9, 0, 15, 7.5], "texture": "#1"},
				"south": {"uv": [9, 0, 15, 7.5], "texture": "#1"},
				"west": {"uv": [9, 0, 15, 7.5], "texture": "#1"},
				"up": {"uv": [9, 0, 15, 7.5], "texture": "#1"},
				"down": {"uv": [9, 0, 15, 7.5], "texture": "#1"}
			}
		},
		{
			"from": [0, 7.5, 8.3],
			"to": [1, 7.6, 8.5],
			"faces": {
				"north": {"uv": [9, 0, 15, 7.5], "texture": "#1"},
				"east": {"uv": [9, 0, 15, 7.5], "texture": "#1"},
				"south": {"uv": [9, 0, 15, 7.5], "texture": "#1"},
				"west": {"uv": [9, 0, 15, 7.5], "texture": "#1"},
				"up": {"uv": [9, 0, 15, 7.5], "texture": "#1"},
				"down": {"uv": [9, 0, 15, 7.5], "texture": "#1"}
			}
		},
		{
			"from": [0, 7.6, 8.3],
			"to": [1, 7.7, 8.6],
			"faces": {
				"north": {"uv": [9, 0, 15, 7.5], "texture": "#1"},
				"east": {"uv": [9, 0, 15, 7.5], "texture": "#1"},
				"south": {"uv": [9, 0, 15, 7.5], "texture": "#1"},
				"west": {"uv": [9, 0, 15, 7.5], "texture": "#1"},
				"up": {"uv": [9, 0, 15, 7.5], "texture": "#1"},
				"down": {"uv": [9, 0, 15, 7.5], "texture": "#1"}
			}
		},
		{
			"from": [0, 7.1, 7],
			"to": [1, 7.2, 8.3],
			"faces": {
				"north": {"uv": [9, 0, 15, 7.5], "texture": "#1"},
				"east": {"uv": [9, 0, 15, 7.5], "texture": "#1"},
				"south": {"uv": [9, 0, 15, 7.5], "texture": "#1"},
				"west": {"uv": [9, 0, 15, 7.5], "texture": "#1"},
				"up": {"uv": [9, 0, 15, 7.5], "texture": "#1"},
				"down": {"uv": [9, 0, 15, 7.5], "texture": "#1"}
			}
		},
		{
			"from": [0, 7.2, 7],
			"to": [1, 7.3, 8.3],
			"faces": {
				"north": {"uv": [9, 0, 15, 7.5], "texture": "#1"},
				"east": {"uv": [9, 0, 15, 7.5], "texture": "#1"},
				"south": {"uv": [9, 0, 15, 7.5], "texture": "#1"},
				"west": {"uv": [9, 0, 15, 7.5], "texture": "#1"},
				"up": {"uv": [9, 0, 15, 7.5], "texture": "#1"},
				"down": {"uv": [9, 0, 15, 7.5], "texture": "#1"}
			}
		},
		{
			"from": [0, 7.3, 7],
			"to": [1, 7.7, 8.3],
			"faces": {
				"north": {"uv": [9, 0, 15, 7.5], "texture": "#1"},
				"east": {"uv": [9, 0, 15, 7.5], "texture": "#1"},
				"south": {"uv": [9, 0, 15, 7.5], "texture": "#1"},
				"west": {"uv": [9, 0, 15, 7.5], "texture": "#1"},
				"up": {"uv": [9, 0, 15, 7.5], "texture": "#1"},
				"down": {"uv": [9, 0, 15, 7.5], "texture": "#1"}
			}
		},
		{
			"from": [0, 6.7, 6.6],
			"to": [1, 6.8, 9.9],
			"faces": {
				"north": {"uv": [9, 0, 15, 7.5], "texture": "#1"},
				"east": {"uv": [9, 0, 15, 7.5], "texture": "#1"},
				"south": {"uv": [9, 0, 15, 7.5], "texture": "#1"},
				"west": {"uv": [9, 0, 15, 7.5], "texture": "#1"},
				"up": {"uv": [9, 0, 15, 7.5], "texture": "#1"},
				"down": {"uv": [9, 0, 15, 7.5], "texture": "#1"}
			}
		},
		{
			"from": [0, 6.6, 6.5],
			"to": [1, 6.7, 8],
			"faces": {
				"north": {"uv": [9, 0, 15, 7.5], "texture": "#1"},
				"east": {"uv": [9, 0, 15, 7.5], "texture": "#1"},
				"south": {"uv": [9, 0, 15, 7.5], "texture": "#1"},
				"west": {"uv": [9, 0, 15, 7.5], "texture": "#1"},
				"up": {"uv": [9, 0, 15, 7.5], "texture": "#1"},
				"down": {"uv": [9, 0, 15, 7.5], "texture": "#1"}
			}
		},
		{
			"from": [0, 6.5, 6.4],
			"to": [1, 6.6, 7.9],
			"faces": {
				"north": {"uv": [9, 0, 15, 7.5], "texture": "#1"},
				"east": {"uv": [9, 0, 15, 7.5], "texture": "#1"},
				"south": {"uv": [9, 0, 15, 7.5], "texture": "#1"},
				"west": {"uv": [9, 0, 15, 7.5], "texture": "#1"},
				"up": {"uv": [9, 0, 15, 7.5], "texture": "#1"},
				"down": {"uv": [9, 0, 15, 7.5], "texture": "#1"}
			}
		},
		{
			"from": [0, 6.4, 6.3],
			"to": [1, 6.5, 7.8],
			"faces": {
				"north": {"uv": [9, 0, 15, 7.5], "texture": "#1"},
				"east": {"uv": [9, 0, 15, 7.5], "texture": "#1"},
				"south": {"uv": [9, 0, 15, 7.5], "texture": "#1"},
				"west": {"uv": [9, 0, 15, 7.5], "texture": "#1"},
				"up": {"uv": [9, 0, 15, 7.5], "texture": "#1"},
				"down": {"uv": [9, 0, 15, 7.5], "texture": "#1"}
			}
		},
		{
			"from": [0, 6.3, 6.3],
			"to": [1, 6.4, 7.8],
			"faces": {
				"north": {"uv": [9, 0, 15, 7.5], "texture": "#1"},
				"east": {"uv": [9, 0, 15, 7.5], "texture": "#1"},
				"south": {"uv": [9, 0, 15, 7.5], "texture": "#1"},
				"west": {"uv": [9, 0, 15, 7.5], "texture": "#1"},
				"up": {"uv": [9, 0, 15, 7.5], "texture": "#1"},
				"down": {"uv": [9, 0, 15, 7.5], "texture": "#1"}
			}
		},
		{
			"from": [0, 6.2, 6.2],
			"to": [1, 6.3, 7.7],
			"faces": {
				"north": {"uv": [9, 0, 15, 7.5], "texture": "#1"},
				"east": {"uv": [9, 0, 15, 7.5], "texture": "#1"},
				"south": {"uv": [9, 0, 15, 7.5], "texture": "#1"},
				"west": {"uv": [9, 0, 15, 7.5], "texture": "#1"},
				"up": {"uv": [9, 0, 15, 7.5], "texture": "#1"},
				"down": {"uv": [9, 0, 15, 7.5], "texture": "#1"}
			}
		},
		{
			"from": [0, 6.1, 6.2],
			"to": [1, 6.2, 7.8],
			"faces": {
				"north": {"uv": [9, 0, 15, 7.5], "texture": "#1"},
				"east": {"uv": [9, 0, 15, 7.5], "texture": "#1"},
				"south": {"uv": [9, 0, 15, 7.5], "texture": "#1"},
				"west": {"uv": [9, 0, 15, 7.5], "texture": "#1"},
				"up": {"uv": [9, 0, 15, 7.5], "texture": "#1"},
				"down": {"uv": [9, 0, 15, 7.5], "texture": "#1"}
			}
		},
		{
			"from": [0, 6, 6.1],
			"to": [1, 6.1, 7.9],
			"faces": {
				"north": {"uv": [9, 0, 15, 7.5], "texture": "#1"},
				"east": {"uv": [9, 0, 15, 7.5], "texture": "#1"},
				"south": {"uv": [9, 0, 15, 7.5], "texture": "#1"},
				"west": {"uv": [9, 0, 15, 7.5], "texture": "#1"},
				"up": {"uv": [9, 0, 15, 7.5], "texture": "#1"},
				"down": {"uv": [9, 0, 15, 7.5], "texture": "#1"}
			}
		},
		{
			"from": [0, 5.9, 6.1],
			"to": [1, 6, 7.6],
			"faces": {
				"north": {"uv": [9, 0, 15, 7.5], "texture": "#1"},
				"east": {"uv": [9, 0, 15, 7.5], "texture": "#1"},
				"south": {"uv": [9, 0, 15, 7.5], "texture": "#1"},
				"west": {"uv": [9, 0, 15, 7.5], "texture": "#1"},
				"up": {"uv": [9, 0, 15, 7.5], "texture": "#1"},
				"down": {"uv": [9, 0, 15, 7.5], "texture": "#1"}
			}
		},
		{
			"from": [0, 5.8, 6],
			"to": [1, 5.9, 7.5],
			"faces": {
				"north": {"uv": [9, 0, 15, 7.5], "texture": "#1"},
				"east": {"uv": [9, 0, 15, 7.5], "texture": "#1"},
				"south": {"uv": [9, 0, 15, 7.5], "texture": "#1"},
				"west": {"uv": [9, 0, 15, 7.5], "texture": "#1"},
				"up": {"uv": [9, 0, 15, 7.5], "texture": "#1"},
				"down": {"uv": [9, 0, 15, 7.5], "texture": "#1"}
			}
		},
		{
			"from": [0, 5.7, 5.9],
			"to": [1, 5.8, 7.4],
			"faces": {
				"north": {"uv": [9, 0, 15, 7.5], "texture": "#1"},
				"east": {"uv": [9, 0, 15, 7.5], "texture": "#1"},
				"south": {"uv": [9, 0, 15, 7.5], "texture": "#1"},
				"west": {"uv": [9, 0, 15, 7.5], "texture": "#1"},
				"up": {"uv": [9, 0, 15, 7.5], "texture": "#1"},
				"down": {"uv": [9, 0, 15, 7.5], "texture": "#1"}
			}
		},
		{
			"from": [0, 5.6, 5.9],
			"to": [1, 5.7, 7.4],
			"faces": {
				"north": {"uv": [9, 0, 15, 7.5], "texture": "#1"},
				"east": {"uv": [9, 0, 15, 7.5], "texture": "#1"},
				"south": {"uv": [9, 0, 15, 7.5], "texture": "#1"},
				"west": {"uv": [9, 0, 15, 7.5], "texture": "#1"},
				"up": {"uv": [9, 0, 15, 7.5], "texture": "#1"},
				"down": {"uv": [9, 0, 15, 7.5], "texture": "#1"}
			}
		},
		{
			"from": [0, 5.5, 5.8],
			"to": [1, 5.6, 7.3],
			"faces": {
				"north": {"uv": [9, 0, 15, 7.5], "texture": "#1"},
				"east": {"uv": [9, 0, 15, 7.5], "texture": "#1"},
				"south": {"uv": [9, 0, 15, 7.5], "texture": "#1"},
				"west": {"uv": [9, 0, 15, 7.5], "texture": "#1"},
				"up": {"uv": [9, 0, 15, 7.5], "texture": "#1"},
				"down": {"uv": [9, 0, 15, 7.5], "texture": "#1"}
			}
		},
		{
			"from": [0, 5.4, 5.7],
			"to": [1, 5.5, 7.3],
			"faces": {
				"north": {"uv": [9, 0, 15, 7.5], "texture": "#1"},
				"east": {"uv": [9, 0, 15, 7.5], "texture": "#1"},
				"south": {"uv": [9, 0, 15, 7.5], "texture": "#1"},
				"west": {"uv": [9, 0, 15, 7.5], "texture": "#1"},
				"up": {"uv": [9, 0, 15, 7.5], "texture": "#1"},
				"down": {"uv": [9, 0, 15, 7.5], "texture": "#1"}
			}
		},
		{
			"from": [0, 5.3, 5.7],
			"to": [1, 5.4, 7.2],
			"faces": {
				"north": {"uv": [9, 0, 15, 7.5], "texture": "#1"},
				"east": {"uv": [9, 0, 15, 7.5], "texture": "#1"},
				"south": {"uv": [9, 0, 15, 7.5], "texture": "#1"},
				"west": {"uv": [9, 0, 15, 7.5], "texture": "#1"},
				"up": {"uv": [9, 0, 15, 7.5], "texture": "#1"},
				"down": {"uv": [9, 0, 15, 7.5], "texture": "#1"}
			}
		},
		{
			"from": [0, 5.2, 5.6],
			"to": [1, 5.3, 7.2],
			"faces": {
				"north": {"uv": [9, 0, 15, 7.5], "texture": "#1"},
				"east": {"uv": [9, 0, 15, 7.5], "texture": "#1"},
				"south": {"uv": [9, 0, 15, 7.5], "texture": "#1"},
				"west": {"uv": [9, 0, 15, 7.5], "texture": "#1"},
				"up": {"uv": [9, 0, 15, 7.5], "texture": "#1"},
				"down": {"uv": [9, 0, 15, 7.5], "texture": "#1"}
			}
		},
		{
			"from": [0, 5.1, 5.5],
			"to": [1, 5.2, 7.1],
			"faces": {
				"north": {"uv": [9, 0, 15, 7.5], "texture": "#1"},
				"east": {"uv": [9, 0, 15, 7.5], "texture": "#1"},
				"south": {"uv": [9, 0, 15, 7.5], "texture": "#1"},
				"west": {"uv": [9, 0, 15, 7.5], "texture": "#1"},
				"up": {"uv": [9, 0, 15, 7.5], "texture": "#1"},
				"down": {"uv": [9, 0, 15, 7.5], "texture": "#1"}
			}
		},
		{
			"from": [0, 5, 5.5],
			"to": [1, 5.1, 7.1],
			"faces": {
				"north": {"uv": [9, 0, 15, 7.5], "texture": "#1"},
				"east": {"uv": [9, 0, 15, 7.5], "texture": "#1"},
				"south": {"uv": [9, 0, 15, 7.5], "texture": "#1"},
				"west": {"uv": [9, 0, 15, 7.5], "texture": "#1"},
				"up": {"uv": [9, 0, 15, 7.5], "texture": "#1"},
				"down": {"uv": [9, 0, 15, 7.5], "texture": "#1"}
			}
		},
		{
			"from": [0, 4.9, 5.7],
			"to": [1, 5, 7.2],
			"faces": {
				"north": {"uv": [9, 0, 15, 7.5], "texture": "#1"},
				"east": {"uv": [9, 0, 15, 7.5], "texture": "#1"},
				"south": {"uv": [9, 0, 15, 7.5], "texture": "#1"},
				"west": {"uv": [9, 0, 15, 7.5], "texture": "#1"},
				"up": {"uv": [9, 0, 15, 7.5], "texture": "#1"},
				"down": {"uv": [9, 0, 15, 7.5], "texture": "#1"}
			}
		},
		{
			"from": [0, 4.8, 6.1],
			"to": [1, 4.9, 7.3],
			"faces": {
				"north": {"uv": [9, 0, 15, 7.5], "texture": "#1"},
				"east": {"uv": [9, 0, 15, 7.5], "texture": "#1"},
				"south": {"uv": [9, 0, 15, 7.5], "texture": "#1"},
				"west": {"uv": [9, 0, 15, 7.5], "texture": "#1"},
				"up": {"uv": [9, 0, 15, 7.5], "texture": "#1"},
				"down": {"uv": [9, 0, 15, 7.5], "texture": "#1"}
			}
		},
		{
			"from": [0, 4.7, 6.5],
			"to": [1, 4.8, 7.2],
			"faces": {
				"north": {"uv": [9, 0, 15, 7.5], "texture": "#1"},
				"east": {"uv": [9, 0, 15, 7.5], "texture": "#1"},
				"south": {"uv": [9, 0, 15, 7.5], "texture": "#1"},
				"west": {"uv": [9, 0, 15, 7.5], "texture": "#1"},
				"up": {"uv": [9, 0, 15, 7.5], "texture": "#1"},
				"down": {"uv": [9, 0, 15, 7.5], "texture": "#1"}
			}
		},
		{
			"from": [0, 8.1, 11.8],
			"to": [1, 8.2, 11.9],
			"faces": {
				"north": {"uv": [9, 0, 15, 7.5], "texture": "#1"},
				"east": {"uv": [9, 0, 15, 7.5], "texture": "#1"},
				"south": {"uv": [9, 0, 15, 7.5], "texture": "#1"},
				"west": {"uv": [9, 0, 15, 7.5], "texture": "#1"},
				"up": {"uv": [9, 0, 15, 7.5], "texture": "#1"},
				"down": {"uv": [9, 0, 15, 7.5], "texture": "#1"}
			}
		},
		{
			"from": [0, 8.4, 11.8],
			"to": [1, 8.7, 12.3],
			"faces": {
				"north": {"uv": [9, 0, 15, 7.5], "texture": "#1"},
				"east": {"uv": [9, 0, 15, 7.5], "texture": "#1"},
				"south": {"uv": [9, 0, 15, 7.5], "texture": "#1"},
				"west": {"uv": [9, 0, 15, 7.5], "texture": "#1"},
				"up": {"uv": [9, 0, 15, 7.5], "texture": "#1"},
				"down": {"uv": [9, 0, 15, 7.5], "texture": "#1"}
			}
		},
		{
			"from": [0.4, 10.4, 11.7],
			"to": [0.6, 10.5, 12.2],
			"faces": {
				"north": {"uv": [9, 0, 15, 7.5], "texture": "#1"},
				"east": {"uv": [9, 0, 15, 7.5], "texture": "#1"},
				"south": {"uv": [9, 0, 15, 7.5], "texture": "#1"},
				"west": {"uv": [9, 0, 15, 7.5], "texture": "#1"},
				"up": {"uv": [9, 0, 15, 7.5], "texture": "#1"},
				"down": {"uv": [9, 0, 15, 7.5], "texture": "#1"}
			}
		},
		{
			"from": [0.4, 10.7, 7.2],
			"to": [0.6, 10.8, 12.2],
			"faces": {
				"north": {"uv": [9, 0, 15, 7.5], "texture": "#1"},
				"east": {"uv": [9, 0, 15, 7.5], "texture": "#1"},
				"south": {"uv": [9, 0, 15, 7.5], "texture": "#1"},
				"west": {"uv": [9, 0, 15, 7.5], "texture": "#1"},
				"up": {"uv": [9, 0, 15, 7.5], "texture": "#1"},
				"down": {"uv": [9, 0, 15, 7.5], "texture": "#1"}
			}
		},
		{
			"from": [0.4, 10.8, 7.2],
			"to": [0.6, 10.9, 12],
			"faces": {
				"north": {"uv": [9, 0, 15, 7.5], "texture": "#1"},
				"east": {"uv": [9, 0, 15, 7.5], "texture": "#1"},
				"south": {"uv": [9, 0, 15, 7.5], "texture": "#1"},
				"west": {"uv": [9, 0, 15, 7.5], "texture": "#1"},
				"up": {"uv": [9, 0, 15, 7.5], "texture": "#1"},
				"down": {"uv": [9, 0, 15, 7.5], "texture": "#1"}
			}
		},
		{
			"from": [0.4, 10.9, 7.2],
			"to": [0.6, 11, 11.8],
			"faces": {
				"north": {"uv": [9, 0, 15, 7.5], "texture": "#1"},
				"east": {"uv": [9, 0, 15, 7.5], "texture": "#1"},
				"south": {"uv": [9, 0, 15, 7.5], "texture": "#1"},
				"west": {"uv": [9, 0, 15, 7.5], "texture": "#1"},
				"up": {"uv": [9, 0, 15, 7.5], "texture": "#1"},
				"down": {"uv": [9, 0, 15, 7.5], "texture": "#1"}
			}
		},
		{
			"from": [0.4, 11, 7.2],
			"to": [0.6, 11.1, 10.9],
			"faces": {
				"north": {"uv": [9, 0, 15, 7.5], "texture": "#1"},
				"east": {"uv": [9, 0, 15, 7.5], "texture": "#1"},
				"south": {"uv": [9, 0, 15, 7.5], "texture": "#1"},
				"west": {"uv": [9, 0, 15, 7.5], "texture": "#1"},
				"up": {"uv": [9, 0, 15, 7.5], "texture": "#1"},
				"down": {"uv": [9, 0, 15, 7.5], "texture": "#1"}
			}
		},
		{
			"from": [0.4, 11.1, 7.3],
			"to": [0.6, 11.2, 9.6],
			"faces": {
				"north": {"uv": [9, 0, 15, 7.5], "texture": "#1"},
				"east": {"uv": [9, 0, 15, 7.5], "texture": "#1"},
				"south": {"uv": [9, 0, 15, 7.5], "texture": "#1"},
				"west": {"uv": [9, 0, 15, 7.5], "texture": "#1"},
				"up": {"uv": [9, 0, 15, 7.5], "texture": "#1"},
				"down": {"uv": [9, 0, 15, 7.5], "texture": "#1"}
			}
		},
		{
			"from": [0.4, 11.2, 7.5],
			"to": [0.6, 11.3, 8.4],
			"faces": {
				"north": {"uv": [9, 0, 15, 7.5], "texture": "#1"},
				"east": {"uv": [9, 0, 15, 7.5], "texture": "#1"},
				"south": {"uv": [9, 0, 15, 7.5], "texture": "#1"},
				"west": {"uv": [9, 0, 15, 7.5], "texture": "#1"},
				"up": {"uv": [9, 0, 15, 7.5], "texture": "#1"},
				"down": {"uv": [9, 0, 15, 7.5], "texture": "#1"}
			}
		},
		{
			"from": [0.4, 10.3, 6.9],
			"to": [0.6, 10.4, 8.7],
			"faces": {
				"north": {"uv": [9, 0, 15, 7.5], "texture": "#1"},
				"east": {"uv": [9, 0, 15, 7.5], "texture": "#1"},
				"south": {"uv": [9, 0, 15, 7.5], "texture": "#1"},
				"west": {"uv": [9, 0, 15, 7.5], "texture": "#1"},
				"up": {"uv": [9, 0, 15, 7.5], "texture": "#1"},
				"down": {"uv": [9, 0, 15, 7.5], "texture": "#1"}
			}
		},
		{
			"from": [0.4, 10.6, 7.1],
			"to": [0.6, 10.7, 8.7],
			"faces": {
				"north": {"uv": [9, 0, 15, 7.5], "texture": "#1"},
				"east": {"uv": [9, 0, 15, 7.5], "texture": "#1"},
				"south": {"uv": [9, 0, 15, 7.5], "texture": "#1"},
				"west": {"uv": [9, 0, 15, 7.5], "texture": "#1"},
				"up": {"uv": [9, 0, 15, 7.5], "texture": "#1"},
				"down": {"uv": [9, 0, 15, 7.5], "texture": "#1"}
			}
		},
		{
			"from": [0.4, 10.4, 7],
			"to": [0.6, 10.6, 8.6],
			"faces": {
				"north": {"uv": [9, 0, 15, 7.5], "texture": "#1"},
				"east": {"uv": [9, 0, 15, 7.5], "texture": "#1"},
				"south": {"uv": [9, 0, 15, 7.5], "texture": "#1"},
				"west": {"uv": [9, 0, 15, 7.5], "texture": "#1"},
				"up": {"uv": [9, 0, 15, 7.5], "texture": "#1"},
				"down": {"uv": [9, 0, 15, 7.5], "texture": "#1"}
			}
		},
		{
			"from": [0.4, 10.5, 11.9],
			"to": [0.6, 10.7, 12.2],
			"faces": {
				"north": {"uv": [9, 0, 15, 7.5], "texture": "#1"},
				"east": {"uv": [9, 0, 15, 7.5], "texture": "#1"},
				"south": {"uv": [9, 0, 15, 7.5], "texture": "#1"},
				"west": {"uv": [9, 0, 15, 7.5], "texture": "#1"},
				"up": {"uv": [9, 0, 15, 7.5], "texture": "#1"},
				"down": {"uv": [9, 0, 15, 7.5], "texture": "#1"}
			}
		},
		{
			"from": [0, 7.4, 4],
			"to": [1, 9.6, 4.4],
			"faces": {
				"north": {"uv": [9, 0, 15, 7.5], "texture": "#1"},
				"east": {"uv": [9, 0, 15, 7.5], "texture": "#1"},
				"south": {"uv": [9, 0, 15, 7.5], "texture": "#1"},
				"west": {"uv": [9, 0, 15, 7.5], "texture": "#1"},
				"up": {"uv": [9, 0, 15, 7.5], "texture": "#1"},
				"down": {"uv": [9, 0, 15, 7.5], "texture": "#1"}
			}
		},
		{
			"from": [0, 7.3, 2.5],
			"to": [1, 7.7, 2.7],
			"faces": {
				"north": {"uv": [9, 0, 15, 7.5], "texture": "#1"},
				"east": {"uv": [9, 0, 15, 7.5], "texture": "#1"},
				"south": {"uv": [9, 0, 15, 7.5], "texture": "#1"},
				"west": {"uv": [9, 0, 15, 7.5], "texture": "#1"},
				"up": {"uv": [9, 0, 15, 7.5], "texture": "#1"},
				"down": {"uv": [9, 0, 15, 7.5], "texture": "#1"}
			}
		},
		{
			"from": [0, 6, 1.1],
			"to": [1, 7.4, 1.2],
			"faces": {
				"north": {"uv": [9, 0, 15, 7.5], "texture": "#1"},
				"east": {"uv": [9, 0, 15, 7.5], "texture": "#1"},
				"south": {"uv": [9, 0, 15, 7.5], "texture": "#1"},
				"west": {"uv": [9, 0, 15, 7.5], "texture": "#1"},
				"up": {"uv": [9, 0, 15, 7.5], "texture": "#1"},
				"down": {"uv": [9, 0, 15, 7.5], "texture": "#1"}
			}
		},
		{
			"from": [0, 5.9, 1],
			"to": [1, 6.4, 1.1],
			"faces": {
				"north": {"uv": [9, 0, 15, 7.5], "texture": "#1"},
				"east": {"uv": [9, 0, 15, 7.5], "texture": "#1"},
				"south": {"uv": [9, 0, 15, 7.5], "texture": "#1"},
				"west": {"uv": [9, 0, 15, 7.5], "texture": "#1"},
				"up": {"uv": [9, 0, 15, 7.5], "texture": "#1"},
				"down": {"uv": [9, 0, 15, 7.5], "texture": "#1"}
			}
		},
		{
			"from": [0, 5.8, 0.9],
			"to": [1, 6.4, 1],
			"faces": {
				"north": {"uv": [9, 0, 15, 7.5], "texture": "#1"},
				"east": {"uv": [9, 0, 15, 7.5], "texture": "#1"},
				"south": {"uv": [9, 0, 15, 7.5], "texture": "#1"},
				"west": {"uv": [9, 0, 15, 7.5], "texture": "#1"},
				"up": {"uv": [9, 0, 15, 7.5], "texture": "#1"},
				"down": {"uv": [9, 0, 15, 7.5], "texture": "#1"}
			}
		},
		{
			"from": [0, 7.4, 0.9],
			"to": [1, 9.6, 1.2],
			"faces": {
				"north": {"uv": [9, 0, 15, 7.5], "texture": "#1"},
				"east": {"uv": [9, 0, 15, 7.5], "texture": "#1"},
				"south": {"uv": [9, 0, 15, 7.5], "texture": "#1"},
				"west": {"uv": [9, 0, 15, 7.5], "texture": "#1"},
				"up": {"uv": [9, 0, 15, 7.5], "texture": "#1"},
				"down": {"uv": [9, 0, 15, 7.5], "texture": "#1"}
			}
		},
		{
			"from": [0, 7.9, 1.2],
			"to": [1, 9.6, 2.7],
			"faces": {
				"north": {"uv": [9, 0, 15, 7.5], "texture": "#1"},
				"east": {"uv": [9, 0, 15, 7.5], "texture": "#1"},
				"south": {"uv": [9, 0, 15, 7.5], "texture": "#1"},
				"west": {"uv": [9, 0, 15, 7.5], "texture": "#1"},
				"up": {"uv": [9, 0, 15, 7.5], "texture": "#1"},
				"down": {"uv": [9, 0, 15, 7.5], "texture": "#1"}
			}
		},
		{
			"from": [0, 5.7, 0.4],
			"to": [1, 9.6, 0.7],
			"faces": {
				"north": {"uv": [9, 0, 15, 7.5], "texture": "#1"},
				"east": {"uv": [9, 0, 15, 7.5], "texture": "#1"},
				"south": {"uv": [9, 0, 15, 7.5], "texture": "#1"},
				"west": {"uv": [9, 0, 15, 7.5], "texture": "#1"},
				"up": {"uv": [9, 0, 15, 7.5], "texture": "#1"},
				"down": {"uv": [9, 0, 15, 7.5], "texture": "#1"}
			}
		},
		{
			"from": [0, 8, 17.6],
			"to": [1, 9.8, 17.7],
			"faces": {
				"north": {"uv": [1.5, 1.5, 6, 7], "texture": "#1"},
				"east": {"uv": [1.5, 1.5, 6, 7], "texture": "#1"},
				"south": {"uv": [1.5, 1.5, 6, 7], "texture": "#1"},
				"west": {"uv": [1.5, 1.5, 6, 7], "texture": "#1"},
				"up": {"uv": [1.5, 1.5, 6, 7], "texture": "#1"},
				"down": {"uv": [1.5, 1.5, 6, 7], "texture": "#1"}
			}
		},
		{
			"from": [0, 8.1, 17.7],
			"to": [1, 9.8, 17.8],
			"faces": {
				"north": {"uv": [1.5, 1.5, 6, 7], "texture": "#1"},
				"east": {"uv": [1.5, 1.5, 6, 7], "texture": "#1"},
				"south": {"uv": [1.5, 1.5, 6, 7], "texture": "#1"},
				"west": {"uv": [1.5, 1.5, 6, 7], "texture": "#1"},
				"up": {"uv": [1.5, 1.5, 6, 7], "texture": "#1"},
				"down": {"uv": [1.5, 1.5, 6, 7], "texture": "#1"}
			}
		},
		{
			"from": [0, 8.2, 17.8],
			"to": [1, 9.8, 17.9],
			"faces": {
				"north": {"uv": [1.5, 1.5, 6, 7], "texture": "#1"},
				"east": {"uv": [1.5, 1.5, 6, 7], "texture": "#1"},
				"south": {"uv": [1.5, 1.5, 6, 7], "texture": "#1"},
				"west": {"uv": [1.5, 1.5, 6, 7], "texture": "#1"},
				"up": {"uv": [1.5, 1.5, 6, 7], "texture": "#1"},
				"down": {"uv": [1.5, 1.5, 6, 7], "texture": "#1"}
			}
		},
		{
			"from": [0, 8.4, 17.9],
			"to": [1, 9.8, 18],
			"faces": {
				"north": {"uv": [1.5, 1.5, 6, 7], "texture": "#1"},
				"east": {"uv": [1.5, 1.5, 6, 7], "texture": "#1"},
				"south": {"uv": [1.5, 1.5, 6, 7], "texture": "#1"},
				"west": {"uv": [1.5, 1.5, 6, 7], "texture": "#1"},
				"up": {"uv": [1.5, 1.5, 6, 7], "texture": "#1"},
				"down": {"uv": [1.5, 1.5, 6, 7], "texture": "#1"}
			}
		},
		{
			"from": [0, 8.5, 18],
			"to": [1, 9.8, 18.1],
			"faces": {
				"north": {"uv": [1.5, 1.5, 6, 7], "texture": "#1"},
				"east": {"uv": [1.5, 1.5, 6, 7], "texture": "#1"},
				"south": {"uv": [1.5, 1.5, 6, 7], "texture": "#1"},
				"west": {"uv": [1.5, 1.5, 6, 7], "texture": "#1"},
				"up": {"uv": [1.5, 1.5, 6, 7], "texture": "#1"},
				"down": {"uv": [1.5, 1.5, 6, 7], "texture": "#1"}
			}
		},
		{
			"from": [0, 8.6, 18.1],
			"to": [1, 9.8, 18.2],
			"faces": {
				"north": {"uv": [1.5, 1.5, 6, 7], "texture": "#1"},
				"east": {"uv": [1.5, 1.5, 6, 7], "texture": "#1"},
				"south": {"uv": [1.5, 1.5, 6, 7], "texture": "#1"},
				"west": {"uv": [1.5, 1.5, 6, 7], "texture": "#1"},
				"up": {"uv": [1.5, 1.5, 6, 7], "texture": "#1"},
				"down": {"uv": [1.5, 1.5, 6, 7], "texture": "#1"}
			}
		},
		{
			"from": [0.4, 9, 18.2],
			"to": [0.6, 9.5, 22.8],
			"faces": {
				"north": {"uv": [1.5, 1.5, 6, 7], "texture": "#1"},
				"east": {"uv": [1.5, 1.5, 6, 7], "texture": "#1"},
				"south": {"uv": [1.5, 1.5, 6, 7], "texture": "#1"},
				"west": {"uv": [1.5, 1.5, 6, 7], "texture": "#1"},
				"up": {"uv": [1.5, 1.5, 6, 7], "texture": "#1"},
				"down": {"uv": [1.5, 1.5, 6, 7], "texture": "#1"}
			}
		},
		{
			"from": [0.4, 9, 22.7],
			"to": [0.6, 9.5, 22.9],
			"faces": {
				"north": {"uv": [1.5, 1.5, 6, 7], "texture": "#1"},
				"east": {"uv": [1.5, 1.5, 6, 7], "texture": "#1"},
				"south": {"uv": [1.5, 1.5, 6, 7], "texture": "#1"},
				"west": {"uv": [1.5, 1.5, 6, 7], "texture": "#1"},
				"up": {"uv": [1.5, 1.5, 6, 7], "texture": "#1"},
				"down": {"uv": [1.5, 1.5, 6, 7], "texture": "#1"}
			}
		},
		{
			"from": [0.4, 9, 22.9],
			"to": [0.6, 9.2, 24.2],
			"faces": {
				"north": {"uv": [1.5, 1.5, 6, 7], "texture": "#1"},
				"east": {"uv": [1.5, 1.5, 6, 7], "texture": "#1"},
				"south": {"uv": [1.5, 1.5, 6, 7], "texture": "#1"},
				"west": {"uv": [1.5, 1.5, 6, 7], "texture": "#1"},
				"up": {"uv": [1.5, 1.5, 6, 7], "texture": "#1"},
				"down": {"uv": [1.5, 1.5, 6, 7], "texture": "#1"}
			}
		},
		{
			"from": [0.4, 9.3, 22.9],
			"to": [0.6, 9.5, 24.2],
			"faces": {
				"north": {"uv": [1.5, 1.5, 6, 7], "texture": "#1"},
				"east": {"uv": [1.5, 1.5, 6, 7], "texture": "#1"},
				"south": {"uv": [1.5, 1.5, 6, 7], "texture": "#1"},
				"west": {"uv": [1.5, 1.5, 6, 7], "texture": "#1"},
				"up": {"uv": [1.5, 1.5, 6, 7], "texture": "#1"},
				"down": {"uv": [1.5, 1.5, 6, 7], "texture": "#1"}
			}
		},
		{
			"from": [0.4, 9.2, 23],
			"to": [0.6, 9.3, 23.1],
			"faces": {
				"north": {"uv": [1.5, 1.5, 6, 7], "texture": "#1"},
				"east": {"uv": [1.5, 1.5, 6, 7], "texture": "#1"},
				"south": {"uv": [1.5, 1.5, 6, 7], "texture": "#1"},
				"west": {"uv": [1.5, 1.5, 6, 7], "texture": "#1"},
				"up": {"uv": [1.5, 1.5, 6, 7], "texture": "#1"},
				"down": {"uv": [1.5, 1.5, 6, 7], "texture": "#1"}
			}
		},
		{
			"from": [0.4, 9.2, 23.2],
			"to": [0.6, 9.3, 23.3],
			"faces": {
				"north": {"uv": [1.5, 1.5, 6, 7], "texture": "#1"},
				"east": {"uv": [1.5, 1.5, 6, 7], "texture": "#1"},
				"south": {"uv": [1.5, 1.5, 6, 7], "texture": "#1"},
				"west": {"uv": [1.5, 1.5, 6, 7], "texture": "#1"},
				"up": {"uv": [1.5, 1.5, 6, 7], "texture": "#1"},
				"down": {"uv": [1.5, 1.5, 6, 7], "texture": "#1"}
			}
		},
		{
			"from": [0.4, 9.2, 23.6],
			"to": [0.6, 9.3, 23.7],
			"faces": {
				"north": {"uv": [1.5, 1.5, 6, 7], "texture": "#1"},
				"east": {"uv": [1.5, 1.5, 6, 7], "texture": "#1"},
				"south": {"uv": [1.5, 1.5, 6, 7], "texture": "#1"},
				"west": {"uv": [1.5, 1.5, 6, 7], "texture": "#1"},
				"up": {"uv": [1.5, 1.5, 6, 7], "texture": "#1"},
				"down": {"uv": [1.5, 1.5, 6, 7], "texture": "#1"}
			}
		},
		{
			"from": [0.4, 9.2, 23.4],
			"to": [0.6, 9.3, 23.5],
			"faces": {
				"north": {"uv": [1.5, 1.5, 6, 7], "texture": "#1"},
				"east": {"uv": [1.5, 1.5, 6, 7], "texture": "#1"},
				"south": {"uv": [1.5, 1.5, 6, 7], "texture": "#1"},
				"west": {"uv": [1.5, 1.5, 6, 7], "texture": "#1"},
				"up": {"uv": [1.5, 1.5, 6, 7], "texture": "#1"},
				"down": {"uv": [1.5, 1.5, 6, 7], "texture": "#1"}
			}
		},
		{
			"from": [0.4, 9.2, 24],
			"to": [0.6, 9.3, 24.1],
			"faces": {
				"north": {"uv": [1.5, 1.5, 6, 7], "texture": "#1"},
				"east": {"uv": [1.5, 1.5, 6, 7], "texture": "#1"},
				"south": {"uv": [1.5, 1.5, 6, 7], "texture": "#1"},
				"west": {"uv": [1.5, 1.5, 6, 7], "texture": "#1"},
				"up": {"uv": [1.5, 1.5, 6, 7], "texture": "#1"},
				"down": {"uv": [1.5, 1.5, 6, 7], "texture": "#1"}
			}
		},
		{
			"from": [0.4, 9.2, 23.8],
			"to": [0.6, 9.3, 23.9],
			"faces": {
				"north": {"uv": [1.5, 1.5, 6, 7], "texture": "#1"},
				"east": {"uv": [1.5, 1.5, 6, 7], "texture": "#1"},
				"south": {"uv": [1.5, 1.5, 6, 7], "texture": "#1"},
				"west": {"uv": [1.5, 1.5, 6, 7], "texture": "#1"},
				"up": {"uv": [1.5, 1.5, 6, 7], "texture": "#1"},
				"down": {"uv": [1.5, 1.5, 6, 7], "texture": "#1"}
			}
		},
		{
			"from": [0.2, 7.3, 8.7],
			"to": [0.8, 7.7, 8.8],
			"faces": {
				"north": {"uv": [2, 10, 6, 13.5], "texture": "#1"},
				"east": {"uv": [2, 10, 6, 13.5], "texture": "#1"},
				"south": {"uv": [2, 10, 6, 13.5], "texture": "#1"},
				"west": {"uv": [2, 10, 6, 13.5], "texture": "#1"},
				"up": {"uv": [2, 10, 6, 13.5], "texture": "#1"},
				"down": {"uv": [2, 10, 6, 13.5], "texture": "#1"}
			}
		},
		{
			"from": [0.2, 7, 11.4],
			"to": [0.8, 7.1, 11.8],
			"faces": {
				"north": {"uv": [2, 10, 6, 13.5], "texture": "#1"},
				"east": {"uv": [2, 10, 6, 13.5], "texture": "#1"},
				"south": {"uv": [2, 10, 6, 13.5], "texture": "#1"},
				"west": {"uv": [2, 10, 6, 13.5], "texture": "#1"},
				"up": {"uv": [2, 10, 6, 13.5], "texture": "#1"},
				"down": {"uv": [2, 10, 6, 13.5], "texture": "#1"}
			}
		},
		{
			"from": [0.2, 6.9, 10.9],
			"to": [0.8, 7, 11.8],
			"faces": {
				"north": {"uv": [2, 10, 6, 13.5], "texture": "#1"},
				"east": {"uv": [2, 10, 6, 13.5], "texture": "#1"},
				"south": {"uv": [2, 10, 6, 13.5], "texture": "#1"},
				"west": {"uv": [2, 10, 6, 13.5], "texture": "#1"},
				"up": {"uv": [2, 10, 6, 13.5], "texture": "#1"},
				"down": {"uv": [2, 10, 6, 13.5], "texture": "#1"}
			}
		},
		{
			"from": [0.2, 6.8, 10.3],
			"to": [0.8, 6.9, 11.8],
			"faces": {
				"north": {"uv": [2, 10, 6, 13.5], "texture": "#1"},
				"east": {"uv": [2, 10, 6, 13.5], "texture": "#1"},
				"south": {"uv": [2, 10, 6, 13.5], "texture": "#1"},
				"west": {"uv": [2, 10, 6, 13.5], "texture": "#1"},
				"up": {"uv": [2, 10, 6, 13.5], "texture": "#1"},
				"down": {"uv": [2, 10, 6, 13.5], "texture": "#1"}
			}
		},
		{
			"from": [0.2, 6.7, 9.9],
			"to": [0.8, 6.8, 11.8],
			"faces": {
				"north": {"uv": [2, 10, 6, 13.5], "texture": "#1"},
				"east": {"uv": [2, 10, 6, 13.5], "texture": "#1"},
				"south": {"uv": [2, 10, 6, 13.5], "texture": "#1"},
				"west": {"uv": [2, 10, 6, 13.5], "texture": "#1"},
				"up": {"uv": [2, 10, 6, 13.5], "texture": "#1"},
				"down": {"uv": [2, 10, 6, 13.5], "texture": "#1"}
			}
		},
		{
			"from": [0.2, 6.3, 9.9],
			"to": [0.8, 6.7, 11.8],
			"faces": {
				"north": {"uv": [2, 10, 6, 13.5], "texture": "#1"},
				"east": {"uv": [2, 10, 6, 13.5], "texture": "#1"},
				"south": {"uv": [2, 10, 6, 13.5], "texture": "#1"},
				"west": {"uv": [2, 10, 6, 13.5], "texture": "#1"},
				"up": {"uv": [2, 10, 6, 13.5], "texture": "#1"},
				"down": {"uv": [2, 10, 6, 13.5], "texture": "#1"}
			}
		},
		{
			"from": [0.2, 5.9, 9.9],
			"to": [0.8, 6.3, 11.9],
			"faces": {
				"north": {"uv": [2, 10, 6, 13.5], "texture": "#1"},
				"east": {"uv": [2, 10, 6, 13.5], "texture": "#1"},
				"south": {"uv": [2, 10, 6, 13.5], "texture": "#1"},
				"west": {"uv": [2, 10, 6, 13.5], "texture": "#1"},
				"up": {"uv": [2, 10, 6, 13.5], "texture": "#1"},
				"down": {"uv": [2, 10, 6, 13.5], "texture": "#1"}
			}
		},
		{
			"from": [0.2, 5.6, 10],
			"to": [0.8, 5.9, 11.9],
			"faces": {
				"north": {"uv": [2, 10, 6, 13.5], "texture": "#1"},
				"east": {"uv": [2, 10, 6, 13.5], "texture": "#1"},
				"south": {"uv": [2, 10, 6, 13.5], "texture": "#1"},
				"west": {"uv": [2, 10, 6, 13.5], "texture": "#1"},
				"up": {"uv": [2, 10, 6, 13.5], "texture": "#1"},
				"down": {"uv": [2, 10, 6, 13.5], "texture": "#1"}
			}
		},
		{
			"from": [0.2, 5.3, 10],
			"to": [0.8, 5.6, 12],
			"faces": {
				"north": {"uv": [2, 10, 6, 13.5], "texture": "#1"},
				"east": {"uv": [2, 10, 6, 13.5], "texture": "#1"},
				"south": {"uv": [2, 10, 6, 13.5], "texture": "#1"},
				"west": {"uv": [2, 10, 6, 13.5], "texture": "#1"},
				"up": {"uv": [2, 10, 6, 13.5], "texture": "#1"},
				"down": {"uv": [2, 10, 6, 13.5], "texture": "#1"}
			}
		},
		{
			"from": [0.2, 5, 10.1],
			"to": [0.8, 5.3, 12.1],
			"faces": {
				"north": {"uv": [2, 10, 6, 13.5], "texture": "#1"},
				"east": {"uv": [2, 10, 6, 13.5], "texture": "#1"},
				"south": {"uv": [2, 10, 6, 13.5], "texture": "#1"},
				"west": {"uv": [2, 10, 6, 13.5], "texture": "#1"},
				"up": {"uv": [2, 10, 6, 13.5], "texture": "#1"},
				"down": {"uv": [2, 10, 6, 13.5], "texture": "#1"}
			}
		},
		{
			"from": [0.2, 4.7, 10.2],
			"to": [0.8, 5, 12.2],
			"faces": {
				"north": {"uv": [2, 10, 6, 13.5], "texture": "#1"},
				"east": {"uv": [2, 10, 6, 13.5], "texture": "#1"},
				"south": {"uv": [2, 10, 6, 13.5], "texture": "#1"},
				"west": {"uv": [2, 10, 6, 13.5], "texture": "#1"},
				"up": {"uv": [2, 10, 6, 13.5], "texture": "#1"},
				"down": {"uv": [2, 10, 6, 13.5], "texture": "#1"}
			}
		},
		{
			"from": [0.2, 4.4, 10.3],
			"to": [0.8, 4.7, 12.3],
			"faces": {
				"north": {"uv": [2, 10, 6, 13.5], "texture": "#1"},
				"east": {"uv": [2, 10, 6, 13.5], "texture": "#1"},
				"south": {"uv": [2, 10, 6, 13.5], "texture": "#1"},
				"west": {"uv": [2, 10, 6, 13.5], "texture": "#1"},
				"up": {"uv": [2, 10, 6, 13.5], "texture": "#1"},
				"down": {"uv": [2, 10, 6, 13.5], "texture": "#1"}
			}
		},
		{
			"from": [0.2, 4.1, 10.3],
			"to": [0.8, 4.4, 12.3],
			"faces": {
				"north": {"uv": [2, 10, 6, 13.5], "texture": "#1"},
				"east": {"uv": [2, 10, 6, 13.5], "texture": "#1"},
				"south": {"uv": [2, 10, 6, 13.5], "texture": "#1"},
				"west": {"uv": [2, 10, 6, 13.5], "texture": "#1"},
				"up": {"uv": [2, 10, 6, 13.5], "texture": "#1"},
				"down": {"uv": [2, 10, 6, 13.5], "texture": "#1"}
			}
		},
		{
			"from": [0.2, 4, 10.4],
			"to": [0.8, 4.1, 12.3],
			"faces": {
				"north": {"uv": [2, 10, 6, 13.5], "texture": "#1"},
				"east": {"uv": [2, 10, 6, 13.5], "texture": "#1"},
				"south": {"uv": [2, 10, 6, 13.5], "texture": "#1"},
				"west": {"uv": [2, 10, 6, 13.5], "texture": "#1"},
				"up": {"uv": [2, 10, 6, 13.5], "texture": "#1"},
				"down": {"uv": [2, 10, 6, 13.5], "texture": "#1"}
			}
		},
		{
			"from": [0.2, 3.9, 10.4],
			"to": [0.8, 4, 12.3],
			"faces": {
				"north": {"uv": [2, 10, 6, 13.5], "texture": "#1"},
				"east": {"uv": [2, 10, 6, 13.5], "texture": "#1"},
				"south": {"uv": [2, 10, 6, 13.5], "texture": "#1"},
				"west": {"uv": [2, 10, 6, 13.5], "texture": "#1"},
				"up": {"uv": [2, 10, 6, 13.5], "texture": "#1"},
				"down": {"uv": [2, 10, 6, 13.5], "texture": "#1"}
			}
		},
		{
			"from": [0.2, 3.8, 10.4],
			"to": [0.8, 3.9, 11.9],
			"faces": {
				"north": {"uv": [2, 10, 6, 13.5], "texture": "#1"},
				"east": {"uv": [2, 10, 6, 13.5], "texture": "#1"},
				"south": {"uv": [2, 10, 6, 13.5], "texture": "#1"},
				"west": {"uv": [2, 10, 6, 13.5], "texture": "#1"},
				"up": {"uv": [2, 10, 6, 13.5], "texture": "#1"},
				"down": {"uv": [2, 10, 6, 13.5], "texture": "#1"}
			}
		},
		{
			"from": [0.2, 3.7, 10.4],
			"to": [0.8, 3.8, 11.6],
			"faces": {
				"north": {"uv": [2, 10, 6, 13.5], "texture": "#1"},
				"east": {"uv": [2, 10, 6, 13.5], "texture": "#1"},
				"south": {"uv": [2, 10, 6, 13.5], "texture": "#1"},
				"west": {"uv": [2, 10, 6, 13.5], "texture": "#1"},
				"up": {"uv": [2, 10, 6, 13.5], "texture": "#1"},
				"down": {"uv": [2, 10, 6, 13.5], "texture": "#1"}
			}
		},
		{
			"from": [0.2, 3.6, 10.5],
			"to": [0.8, 3.7, 11.2],
			"faces": {
				"north": {"uv": [2, 10, 6, 13.5], "texture": "#1"},
				"east": {"uv": [2, 10, 6, 13.5], "texture": "#1"},
				"south": {"uv": [2, 10, 6, 13.5], "texture": "#1"},
				"west": {"uv": [2, 10, 6, 13.5], "texture": "#1"},
				"up": {"uv": [2, 10, 6, 13.5], "texture": "#1"},
				"down": {"uv": [2, 10, 6, 13.5], "texture": "#1"}
			}
		},
		{
			"from": [0.6, 3.5, 10.6],
			"to": [0.6, 3.6, 10.9],
			"faces": {
				"north": {"uv": [2, 10, 6, 13.5], "texture": "#1"},
				"east": {"uv": [2, 10, 6, 13.5], "texture": "#1"},
				"south": {"uv": [2, 10, 6, 13.5], "texture": "#1"},
				"west": {"uv": [2, 10, 6, 13.5], "texture": "#1"},
				"up": {"uv": [2, 10, 6, 13.5], "texture": "#1"},
				"down": {"uv": [2, 10, 6, 13.5], "texture": "#1"}
			}
		},
		{
			"from": [0.2, 6.9, 8.9],
			"to": [0.8, 7.3, 9],
			"rotation": {"angle": -45, "axis": "x", "origin": [0.5, 7.1, 8.75]},
			"faces": {
				"north": {"uv": [2, 10, 6, 13.5], "texture": "#1"},
				"east": {"uv": [2, 10, 6, 13.5], "texture": "#1"},
				"south": {"uv": [2, 10, 6, 13.5], "texture": "#1"},
				"west": {"uv": [2, 10, 6, 13.5], "texture": "#1"},
				"up": {"uv": [2, 10, 6, 13.5], "texture": "#1"},
				"down": {"uv": [2, 10, 6, 13.5], "texture": "#1"}
			}
		}
	],
	"display": {
		"thirdperson_righthand": {
			"rotation": [0, -180, 0],
			"translation": [-8, 0.75, 0.5]
		},
		"thirdperson_lefthand": {
			"rotation": [0, -180, 0],
			"translation": [8, 0.75, 0.5]
		},
		"firstperson_righthand": {
			"rotation": [0, -180, 0],
			"translation": [-6.5, 2.5, 2]
		},
		"firstperson_lefthand": {
			"rotation": [0, -180, 0],
			"translation": [9.5, 1.75, 1.25]
		},
		"ground": {
			"rotation": [-6, 23, 90],
			"translation": [0.25, 4.5, -3.25]
		},
		"gui": {
			"rotation": [-90, -46.75, -86],
			"translation": [1, -1.75, 0],
			"scale": [0.7, 0.7, 0.7]
		},
		"head": {
			"rotation": [-90, -46.66, -93.48],
			"translation": [0.5, -17, 11.25]
		},
		"fixed": {
			"rotation": [120, -161, 91],
			"translation": [3.5, -8, 2.5],
			"scale": [2, 2, 2]
		}
	},
	"groups": [
		{
			"name": "metal 1",
			"origin": [8, 8, 8],
			"color": 0,
			"children": [
				0,
				1,
				2,
				3,
				4,
				5,
				6,
				7,
				8,
				9,
				10,
				11,
				12,
				13,
				14,
				15,
				16,
				17,
				18,
				19,
				20,
				21,
				22,
				23,
				24,
				25,
				26,
				27,
				28,
				29,
				30,
				31,
				32,
				33,
				34,
				35,
				36,
				37,
				38,
				39,
				40,
				41,
				42,
				43,
				44,
				45,
				46,
				47,
				48,
				49,
				50,
				51,
				52,
				53,
				54,
				55,
				56,
				57,
				58,
				59,
				60,
				61,
				62,
				63,
				64,
				65,
				66,
				67,
				68,
				69,
				70,
				71,
				72,
				73,
				74,
				75,
				76,
				77,
				78,
				79,
				80,
				81,
				82,
				83,
				84,
				85,
				86,
				87,
				88,
				89,
				90,
				91,
				92,
				93,
				94,
				95,
				96,
				97,
				98,
				99,
				100,
				101,
				102,
				103,
				104,
				105,
				106,
				107,
				108,
				109,
				110,
				111,
				112,
				113,
				114,
				115,
				116,
				117,
				118,
				119,
				120,
				121,
				122,
				123,
				124,
				125,
				126,
				127,
				128,
				129,
				130,
				131,
				132,
				133,
				134,
				135,
				136
			]
		},
		{
			"name": "cano",
			"origin": [8, 8, 8],
			"color": 0,
			"children": [137, 138, 139, 140, 141, 142, 143, 144, 145, 146, 147, 148, 149, 150, 151, 152]
		},
		{
			"name": "pente",
			"origin": [0.5, 7.1, 8.75],
			"color": 0,
			"children": [153, 154, 155, 156, 157, 158, 159, 160, 161, 162, 163, 164, 165, 166, 167, 168, 169, 170, 171, 172]
		}
	]
}